jogo_id,ano,rodada,mandante,visitante,gols_mandante,gols_visitante,resultado
1,2021,1,Juventude,Gremio,1,1,Empate
2,2021,1,Gremio,Sport,1,0,V. Mandante
3,2021,1,Palmeiras,Chapecoense,1,0,V. Mandante
4,2021,1,Fluminense,Gremio,2,1,V. Mandante
5,2021,1,Palmeiras,Santos,2,0,V. Mandante
6,2021,1,Atletico-MG,Sport,5,0,V. Mandante
7,2021,1,Atletico-MG,Internacional,2,0,V. Mandante
8,2021,1,Atletico-MG,Bahia,0,3,V. Visitante
9,2021,1,Santos,Sport,0,0,Empate
10,2021,1,Athletico-PR,Santos,1,2,V. Visitante
11,2021,2,Palmeiras,Bahia,4,0,V. Mandante
12,2021,2,RB Bragantino,Sport,2,0,V. Mandante
13,2021,2,Atletico-MG,Chapecoense,0,0,Empate
14,2021,2,Sao Paulo,Gremio,3,1,V. Mandante
15,2021,2,RB Bragantino,Palmeiras,0,1,V. Visitante
16,2021,2,America-MG,Sport,2,0,V. Mandante
17,2021,2,Palmeiras,Sao Paulo,4,0,V. Mandante
18,2021,2,Fluminense,Sport,1,2,V. Visitante
19,2021,2,Fluminense,Palmeiras,2,2,Empate
20,2021,2,Fortaleza,Athletico-PR,3,0,V. Mandante
21,2021,3,Flamengo,Ceara,0,0,Empate
22,2021,3,Flamengo,America-MG,1,0,V. Mandante
23,2021,3,Cuiaba,Ceara,1,1,Empate
24,2021,3,RB Bragantino,Botafogo,0,1,V. Visitante
25,2021,3,Fluminense,Botafogo,3,0,V. Mandante
26,2021,3,Athletico-PR,Sao Paulo,4,1,V. Mandante
27,2021,3,America-MG,Chapecoense,4,0,V. Mandante
28,2021,3,Flamengo,Fortaleza,4,1,V. Mandante
29,2021,3,Fortaleza,Cuiaba,1,0,V. Mandante
30,2021,3,Corinthians,Internacional,4,0,V. Mandante
31,2021,4,Sao Paulo,Chapecoense,1,2,V. Visitante
32,2021,4,Fluminense,Bahia,0,1,V. Visitante
33,2021,4,Atletico-MG,Palmeiras,3,0,V. Mandante
34,2021,4,Athletico-PR,Bahia,0,1,V. Visitante
35,2021,4,Ceara,Juventude,0,0,Empate
36,2021,4,Sao Paulo,Juventude,1,2,V. Visitante
37,2021,4,Corinthians,Ceara,0,1,V. Visitante
38,2021,4,America-MG,Athletico-PR,4,1,V. Mandante
39,2021,4,Fortaleza,Bahia,4,1,V. Mandante
40,2021,4,Flamengo,Botafogo,1,0,V. Mandante
41,2021,5,America-MG,Juventude,0,2,V. Visitante
42,2021,5,Fluminense,Internacional,2,1,V. Mandante
43,2021,5,Cuiaba,Chapecoense,1,1,Empate
44,2021,5,Corinthians,Cuiaba,3,2,V. Mandante
45,2021,5,Fluminense,Chapecoense,3,1,V. Mandante
46,2021,5,Flamengo,Sao Paulo,0,0,Empate
47,2021,5,Athletico-PR,Ceara,4,0,V. Mandante
48,2021,5,Internacional,Botafogo,1,1,Empate
49,2021,5,Sao Paulo,Sport,4,2,V. Mandante
50,2021,5,Flamengo,Juventude,7,0,V. Mandante
51,2021,6,Internacional,Chapecoense,0,0,Empate
52,2021,6,Atletico-MG,Ceara,3,1,V. Mandante
53,2021,6,Fortaleza,America-MG,3,0,V. Mandante
54,2021,6,Juventude,Botafogo,0,4,V. Visitante
55,2021,6,Fluminense,RB Bragantino,3,1,V. Mandante
56,2021,6,RB Bragantino,Chapecoense,2,1,V. Mandante
57,2021,6,RB Bragantino,Juventude,1,1,Empate
58,2021,6,Flamengo,Santos,4,1,V. Mandante
59,2021,6,Fortaleza,Corinthians,0,0,Empate
60,2021,6,America-MG,Ceara,3,0,V. Mandante
61,2021,7,Cuiaba,Juventude,0,0,Empate
62,2021,7,Athletico-PR,Botafogo,2,1,V. Mandante
63,2021,7,Sport,Botafogo,2,3,V. Visitante
64,2021,7,Santos,Juventude,2,2,Empate
65,2021,7,Atletico-MG,Fluminense,2,0,V. Mandante
66,2021,7,Fortaleza,Sao Paulo,0,0,Empate
67,2021,7,RB Bragantino,Bahia,0,0,Empate
68,2021,7,Santos,Gremio,1,0,V. Mandante
69,2021,7,America-MG,Botafogo,3,0,V. Mandante
70,2021,7,Flamengo,Chapecoense,0,0,Empate
71,2021,8,Santos,Ceara,1,0,V. Mandante
72,2021,8,Flamengo,RB Bragantino,1,0,V. Mandante
73,2021,8,America-MG,Cuiaba,1,1,Empate
74,2021,8,Corinthians,Bahia,2,2,Empate
75,2021,8,Gremio,Bahia,0,2,V. Visitante
76,2021,8,Atletico-MG,Sao Paulo,1,1,Empate
77,2021,8,America-MG,Santos,1,1,Empate
78,2021,8,Internacional,Sport,1,1,Empate
79,2021,8,Atletico-MG,America-MG,1,1,Empate
80,2021,8,Flamengo,Internacional,1,1,Empate
81,2021,9,Palmeiras,Athletico-PR,1,1,Empate
82,2021,9,Atletico-MG,RB Bragantino,5,2,V. Mandante
83,2021,9,Flamengo,Gremio,1,0,V. Mandante
84,2021,9,Palmeiras,Sport,3,2,V. Mandante
85,2021,9,Santos,Cuiaba,0,0,Empate
86,2021,9,RB Bragantino,Cuiaba,1,0,V. Mandante
87,2021,9,Santos,Internacional,1,1,Empate
88,2021,9,Atletico-MG,Cuiaba,3,0,V. Mandante
89,2021,9,Athletico-PR,Internacional,3,0,V. Mandante
90,2021,9,Athletico-PR,Cuiaba,3,0,V. Mandante
91,2021,10,Santos,Sao Paulo,1,0,V. Mandante
92,2021,10,Atletico-MG,Flamengo,2,0,V. Mandante
93,2021,10,Ceara,Gremio,1,1,Empate
94,2021,10,Santos,Chapecoense,2,0,V. Mandante
95,2021,10,Corinthians,RB Bragantino,0,0,Empate
96,2021,10,Gremio,Botafogo,2,0,V. Mandante
97,2021,10,Fluminense,Juventude,3,0,V. Mandante
98,2021,10,Fortaleza,Internacional,4,2,V. Mandante
99,2021,10,America-MG,Internacional,0,3,V. Visitante
100,2021,10,Flamengo,Cuiaba,2,0,V. Mandante
101,2021,11,Fortaleza,Palmeiras,3,3,Empate
102,2021,11,Internacional,Sao Paulo,1,0,V. Mandante
103,2021,11,Internacional,Ceara,2,1,V. Mandante
104,2021,11,Flamengo,Athletico-PR,3,2,V. Mandante
105,2021,11,Flamengo,Palmeiras,1,4,V. Visitante
106,2021,11,Santos,Bahia,1,1,Empate
107,2021,11,Corinthians,Sport,3,1,V. Mandante
108,2021,11,Corinthians,Juventude,1,0,V. Mandante
109,2021,11,Corinthians,Chapecoense,1,0,V. Mandante
110,2021,11,Fortaleza,RB Bragantino,4,0,V. Mandante
111,2021,12,America-MG,Gremio,1,2,V. Visitante
112,2021,12,RB Bragantino,America-MG,2,1,V. Mandante
113,2021,12,Corinthians,Sao Paulo,1,3,V. Visitante
114,2021,12,Sport,Bahia,2,1,V. Mandante
115,2021,12,Cuiaba,Bahia,2,1,V. Mandante
116,2021,12,Fortaleza,Ceara,0,2,V. Visitante
117,2021,12,RB Bragantino,Gremio,4,0,V. Mandante
118,2021,12,Internacional,Cuiaba,2,0,V. Mandante
119,2021,12,Juventude,Bahia,1,1,Empate
120,2021,12,Fluminense,Cuiaba,2,0,V. Mandante
121,2021,13,Corinthians,Athletico-PR,1,0,V. Mandante
122,2021,13,Flamengo,Sport,3,1,V. Mandante
123,2021,13,Fortaleza,Santos,0,1,V. Visitante
124,2021,13,Santos,Botafogo,1,0,V. Mandante
125,2021,13,Ceara,Botafogo,0,2,V. Visitante
126,2021,13,Fluminense,Sao Paulo,0,1,V. Visitante
127,2021,13,Bahia,Botafogo,1,0,V. Mandante
128,2021,13,Cuiaba,Sao Paulo,0,1,V. Visitante
129,2021,13,Atletico-MG,Corinthians,0,2,V. Visitante
130,2021,13,Palmeiras,Ceara,2,0,V. Mandante
131,2021,14,Fortaleza,Chapecoense,1,1,Empate
132,2021,14,Ceara,Sport,1,0,V. Mandante
133,2021,14,Internacional,Juventude,0,0,Empate
134,2021,14,Juventude,Sport,2,0,V. Mandante
135,2021,14,Fortaleza,Gremio,1,0,V. Mandante
136,2021,14,Corinthians,Gremio,0,1,V. Visitante
137,2021,14,Flamengo,Bahia,2,0,V. Mandante
138,2021,14,Atletico-MG,Athletico-PR,5,0,V. Mandante
139,2021,14,Palmeiras,Botafogo,1,0,V. Mandante
140,2021,14,RB Bragantino,Sao Paulo,1,0,V. Mandante
141,2021,15,Corinthians,Botafogo,3,0,V. Mandante
142,2021,15,Sao Paulo,Botafogo,1,1,Empate
143,2021,15,Ceara,Bahia,2,0,V. Mandante
144,2021,15,RB Bragantino,Internacional,3,3,Empate
145,2021,15,Atletico-MG,Santos,1,0,V. Mandante
146,2021,15,Atletico-MG,Juventude,2,0,V. Mandante
147,2021,15,Fluminense,Santos,3,0,V. Mandante
148,2021,15,Sao Paulo,Ceara,0,1,V. Visitante
149,2021,15,Athletico-PR,Sport,1,1,Empate
150,2021,15,Atletico-MG,Botafogo,2,0,V. Mandante
151,2021,16,Corinthians,America-MG,4,0,V. Mandante
152,2021,16,Sao Paulo,Bahia,2,1,V. Mandante
153,2021,16,Athletico-PR,Chapecoense,0,1,V. Visitante
154,2021,16,Cuiaba,Sport,1,0,V. Mandante
155,2021,16,Ceara,Chapecoense,1,1,Empate
156,2021,16,Fluminense,Ceara,2,2,Empate
157,2021,16,Fluminense,Corinthians,0,0,Empate
158,2021,16,Palmeiras,Gremio,1,1,Empate
159,2021,16,Fortaleza,Sport,2,0,V. Mandante
160,2021,16,Sport,Chapecoense,2,0,V. Mandante
161,2021,17,Fluminense,Athletico-PR,2,1,V. Mandante
162,2021,17,Fortaleza,Juventude,2,1,V. Mandante
163,2021,17,RB Bragantino,Santos,2,2,Empate
164,2021,17,Flamengo,Corinthians,4,1,V. Mandante
165,2021,17,Fluminense,America-MG,2,2,Empate
166,2021,17,Cuiaba,Botafogo,2,1,V. Mandante
167,2021,17,Gremio,Chapecoense,6,1,V. Mandante
168,2021,17,Athletico-PR,Juventude,1,0,V. Mandante
169,2021,17,Fortaleza,Fluminense,0,1,V. Visitante
170,2021,17,Cuiaba,Gremio,1,0,V. Mandante
171,2021,18,Bahia,Chapecoense,2,1,V. Mandante
172,2021,18,Atletico-MG,Fortaleza,2,1,V. Mandante
173,2021,18,Fortaleza,Botafogo,5,1,V. Mandante
174,2021,18,Internacional,Gremio,4,1,V. Mandante
175,2021,18,Athletico-PR,Gremio,1,0,V. Mandante
176,2021,18,Internacional,Bahia,1,0,V. Mandante
177,2021,18,Palmeiras,Cuiaba,1,0,V. Mandante
178,2021,18,Palmeiras,America-MG,3,0,V. Mandante
179,2021,18,America-MG,Sao Paulo,2,3,V. Visitante
180,2021,18,RB Bragantino,Athletico-PR,1,1,Empate
181,2021,19,Corinthians,Santos,3,0,V. Mandante
182,2021,19,America-MG,Bahia,0,0,Empate
183,2021,19,Botafogo,Chapecoense,0,1,V. Visitante
184,2021,19,Flamengo,Fluminense,0,4,V. Visitante
185,2021,19,Corinthians,Palmeiras,3,1,V. Mandante
186,2021,19,Palmeiras,Juventude,1,1,Empate
187,2021,19,Atletico-MG,Gremio,0,1,V. Visitante
188,2021,19,RB Bragantino,Ceara,0,5,V. Visitante
189,2021,19,Juventude,Chapecoense,0,0,Empate
190,2021,19,Palmeiras,Internacional,1,2,V. Visitante
191,2021,20,Chapecoense,Athletico-PR,0,1,V. Visitante
192,2021,20,Gremio,Atletico-MG,2,2,Empate
193,2021,20,RB Bragantino,Atletico-MG,2,7,V. Visitante
194,2021,20,Sport,Sao Paulo,2,0,V. Mandante
195,2021,20,RB Bragantino,Fluminense,2,1,V. Mandante
196,2021,20,Cuiaba,Internacional,1,0,V. Mandante
197,2021,20,Corinthians,Fluminense,3,1,V. Mandante
198,2021,20,Internacional,Palmeiras,2,3,V. Visitante
199,2021,20,Ceara,Corinthians,3,2,V. Mandante
200,2021,20,Gremio,Juventude,2,0,V. Mandante
201,2021,21,Gremio,RB Bragantino,1,1,Empate
202,2021,21,Juventude,Fluminense,1,4,V. Visitante
203,2021,21,Sport,Flamengo,1,0,V. Mandante
204,2021,21,Cuiaba,Santos,1,2,V. Visitante
205,2021,21,Santos,Palmeiras,2,1,V. Mandante
206,2021,21,Botafogo,Bahia,2,0,V. Mandante
207,2021,21,Ceara,Atletico-MG,2,1,V. Mandante
208,2021,21,Internacional,America-MG,2,1,V. Mandante
209,2021,21,Gremio,Fortaleza,0,3,V. Visitante
210,2021,21,Athletico-PR,RB Bragantino,1,1,Empate
211,2021,22,Sport,Atletico-MG,3,6,V. Visitante
212,2021,22,Gremio,Santos,0,3,V. Visitante
213,2021,22,Sport,Athletico-PR,0,0,Empate
214,2021,22,Flamengo,Atletico-MG,2,1,V. Mandante
215,2021,22,Bahia,Corinthians,1,1,Empate
216,2021,22,Cuiaba,Fluminense,1,0,V. Mandante
217,2021,22,Athletico-PR,Flamengo,1,1,Empate
218,2021,22,Gremio,Internacional,3,1,V. Mandante
219,2021,22,Internacional,Atletico-MG,2,3,V. Visitante
220,2021,22,Athletico-PR,Corinthians,0,1,V. Visitante
221,2021,23,Bahia,Athletico-PR,0,1,V. Visitante
222,2021,23,Juventude,Santos,0,1,V. Visitante
223,2021,23,Sport,Gremio,2,0,V. Mandante
224,2021,23,Athletico-PR,Fortaleza,0,0,Empate
225,2021,23,Sao Paulo,Corinthians,2,1,V. Mandante
226,2021,23,RB Bragantino,Fortaleza,4,2,V. Mandante
227,2021,23,Sao Paulo,Fortaleza,3,2,V. Mandante
228,2021,23,Ceara,Palmeiras,0,0,Empate
229,2021,23,Botafogo,Palmeiras,0,0,Empate
230,2021,23,Bahia,Sao Paulo,1,1,Empate
231,2021,24,Internacional,Fortaleza,0,2,V. Visitante
232,2021,24,RB Bragantino,Flamengo,2,3,V. Visitante
233,2021,24,Juventude,Flamengo,1,0,V. Mandante
234,2021,24,America-MG,Corinthians,1,3,V. Visitante
235,2021,24,Chapecoense,Corinthians,0,2,V. Visitante
236,2021,24,Cuiaba,Corinthians,2,2,Empate
237,2021,24,Ceara,Flamengo,2,2,Empate
238,2021,24,Palmeiras,Fluminense,3,2,V. Mandante
239,2021,24,Sao Paulo,Fluminense,2,2,Empate
240,2021,24,America-MG,Fluminense,2,1,V. Mandante
241,2021,25,Ceara,America-MG,0,2,V. Visitante
242,2021,25,Sport,Ceara,1,1,Empate
243,2021,25,Gremio,Cuiaba,2,0,V. Mandante
244,2021,25,Ceara,Cuiaba,0,1,V. Visitante
245,2021,25,Palmeiras,Atletico-MG,2,2,Empate
246,2021,25,Gremio,Ceara,0,0,Empate
247,2021,25,Cuiaba,Fortaleza,2,4,V. Visitante
248,2021,25,Cuiaba,Flamengo,0,1,V. Visitante
249,2021,25,Santos,America-MG,2,0,V. Mandante
250,2021,25,RB Bragantino,Corinthians,2,1,V. Mandante
251,2021,26,Santos,Fortaleza,0,2,V. Visitante
252,2021,26,Palmeiras,RB Bragantino,4,2,V. Mandante
253,2021,26,Juventude,Fortaleza,0,1,V. Visitante
254,2021,26,America-MG,Palmeiras,0,2,V. Visitante
255,2021,26,Corinthians,Atletico-MG,3,5,V. Visitante
256,2021,26,Bahia,Ceara,2,3,V. Visitante
257,2021,26,Bahia,Palmeiras,1,1,Empate
258,2021,26,Botafogo,Cuiaba,2,1,V. Mandante
259,2021,26,Ceara,Sao Paulo,5,0,V. Mandante
260,2021,26,Ceara,Fluminense,4,1,V. Mandante
261,2021,27,Internacional,Flamengo,1,1,Empate
262,2021,27,Juventude,Palmeiras,1,1,Empate
263,2021,27,Sao Paulo,RB Bragantino,1,0,V. Mandante
264,2021,27,Sao Paulo,America-MG,0,2,V. Visitante
265,2021,27,Santos,Flamengo,1,3,V. Visitante
266,2021,27,Gremio,Palmeiras,1,2,V. Visitante
267,2021,27,Botafogo,Gremio,3,1,V. Mandante
268,2021,27,Sport,Fortaleza,0,0,Empate
269,2021,27,Internacional,Santos,2,1,V. Mandante
270,2021,27,Sao Paulo,Flamengo,2,1,V. Mandante
271,2021,28,Corinthians,Flamengo,1,2,V. Visitante
272,2021,28,Athletico-PR,Fluminense,2,1,V. Mandante
273,2021,28,Internacional,Corinthians,0,1,V. Visitante
274,2021,28,Cuiaba,RB Bragantino,2,1,V. Mandante
275,2021,28,Juventude,RB Bragantino,3,0,V. Mandante
276,2021,28,Bahia,Atletico-MG,3,2,V. Mandante
277,2021,28,Sport,Fluminense,1,2,V. Visitante
278,2021,28,Sao Paulo,Santos,1,0,V. Mandante
279,2021,28,Athletico-PR,Atletico-MG,3,2,V. Mandante
280,2021,28,Bahia,America-MG,0,2,V. Visitante
281,2021,29,Santos,Athletico-PR,0,0,Empate
282,2021,29,Fluminense,Flamengo,3,2,V. Mandante
283,2021,29,Juventude,Atletico-MG,1,2,V. Visitante
284,2021,29,Juventude,Internacional,3,0,V. Mandante
285,2021,29,Botafogo,Sao Paulo,2,0,V. Mandante
286,2021,29,Juventude,America-MG,0,1,V. Visitante
287,2021,29,Palmeiras,Fortaleza,1,1,Empate
288,2021,29,Internacional,Fluminense,1,1,Empate
289,2021,29,Juventude,Cuiaba,2,1,V. Mandante
290,2021,29,Bahia,Flamengo,0,4,V. Visitante
291,2021,30,Gremio,America-MG,1,2,V. Visitante
292,2021,30,Gremio,Fluminense,1,1,Empate
293,2021,30,Sport,Cuiaba,1,0,V. Mandante
294,2021,30,Botafogo,Atletico-MG,3,1,V. Mandante
295,2021,30,Sao Paulo,Cuiaba,4,1,V. Mandante
296,2021,30,America-MG,Flamengo,1,3,V. Visitante
297,2021,30,Sport,Palmeiras,0,1,V. Visitante
298,2021,30,Santos,RB Bragantino,0,2,V. Visitante
299,2021,30,Cuiaba,Athletico-PR,1,1,Empate
300,2021,30,Botafogo,Corinthians,4,1,V. Mandante
301,2021,31,Bahia,Santos,1,4,V. Visitante
302,2021,31,Gremio,Sao Paulo,0,1,V. Visitante
303,2021,31,Botafogo,Flamengo,1,3,V. Visitante
304,2021,31,Palmeiras,Corinthians,5,1,V. Mandante
305,2021,31,Botafogo,Athletico-PR,0,1,V. Visitante
306,2021,31,Santos,Corinthians,0,0,Empate
307,2021,31,Chapecoense,Cuiaba,3,0,V. Mandante
308,2021,31,Sport,America-MG,1,0,V. Mandante
309,2021,31,Gremio,Flamengo,1,2,V. Visitante
310,2021,31,Sport,Juventude,0,1,V. Visitante
311,2021,32,Juventude,Sao Paulo,0,1,V. Visitante
312,2021,32,Fortaleza,Flamengo,3,0,V. Mandante
313,2021,32,Chapecoense,Internacional,0,0,Empate
314,2021,32,Juventude,Corinthians,1,3,V. Visitante
315,2021,32,Bahia,Sport,0,1,V. Visitante
316,2021,32,Chapecoense,Atletico-MG,0,0,Empate
317,2021,32,Chapecoense,Sao Paulo,1,0,V. Mandante
318,2021,32,Sao Paulo,Palmeiras,1,3,V. Visitante
319,2021,32,Santos,Atletico-MG,1,0,V. Mandante
320,2021,32,Chapecoense,Flamengo,0,1,V. Visitante
321,2021,33,Ceara,Fortaleza,1,0,V. Mandante
322,2021,33,Sport,Santos,0,3,V. Visitante
323,2021,33,Botafogo,Juventude,0,1,V. Visitante
324,2021,33,Chapecoense,Juventude,1,1,Empate
325,2021,33,Santos,Fluminense,1,1,Empate
326,2021,33,Chapecoense,Palmeiras,0,5,V. Visitante
327,2021,33,Sport,Internacional,1,0,V. Mandante
328,2021,33,America-MG,Atletico-MG,1,3,V. Visitante
329,2021,33,Chapecoense,RB Bragantino,2,0,V. Mandante
330,2021,33,America-MG,Fortaleza,1,2,V. Visitante
331,2021,34,Cuiaba,Atletico-MG,0,0,Empate
332,2021,34,Chapecoense,Ceara,1,0,V. Mandante
333,2021,34,Cuiaba,Palmeiras,0,3,V. Visitante
334,2021,34,Sport,Corinthians,1,1,Empate
335,2021,34,Chapecoense,Sport,0,0,Empate
336,2021,34,Sao Paulo,Athletico-PR,2,0,V. Mandante
337,2021,34,Chapecoense,Bahia,0,1,V. Visitante
338,2021,34,Sport,RB Bragantino,2,0,V. Mandante
339,2021,34,Botafogo,Internacional,0,2,V. Visitante
340,2021,34,Bahia,Internacional,1,2,V. Visitante
341,2021,35,Internacional,RB Bragantino,4,1,V. Mandante
342,2021,35,Botafogo,Ceara,2,1,V. Mandante
343,2021,35,Ceara,Internacional,3,0,V. Mandante
344,2021,35,Fluminense,Atletico-MG,1,2,V. Visitante
345,2021,35,Ceara,RB Bragantino,3,2,V. Mandante
346,2021,35,Chapecoense,Fluminense,2,0,V. Mandante
347,2021,35,Chapecoense,America-MG,3,0,V. Mandante
348,2021,35,Bahia,RB Bragantino,0,2,V. Visitante
349,2021,35,Botafogo,Santos,3,1,V. Mandante
350,2021,35,Ceara,Santos,1,3,V. Visitante
351,2021,36,Botafogo,RB Bragantino,0,1,V. Visitante
352,2021,36,Cuiaba,America-MG,0,2,V. Visitante
353,2021,36,Botafogo,Fluminense,2,2,Empate
354,2021,36,Palmeiras,Flamengo,1,2,V. Visitante
355,2021,36,Fluminense,Fortaleza,1,1,Empate
356,2021,36,Chapecoense,Santos,1,0,V. Mandante
357,2021,36,Botafogo,America-MG,0,0,Empate
358,2021,36,Bahia,Fluminense,2,3,V. Visitante
359,2021,36,Juventude,Ceara,1,1,Empate
360,2021,36,Bahia,Cuiaba,1,1,Empate
361,2021,37,Botafogo,Fortaleza,1,1,Empate
362,2021,37,Bahia,Juventude,1,1,Empate
363,2021,37,Internacional,Athletico-PR,2,2,Empate
364,2021,37,Sao Paulo,Internacional,0,0,Empate
365,2021,37,Ceara,Athletico-PR,3,1,V. Mandante
366,2021,37,America-MG,RB Bragantino,1,0,V. Mandante
367,2021,37,Chapecoense,Fortaleza,0,5,V. Visitante
368,2021,37,Chapecoense,Botafogo,2,0,V. Mandante
369,2021,37,Fortaleza,Atletico-MG,3,1,V. Mandante
370,2021,37,Bahia,Gremio,0,0,Empate
371,2021,38,Gremio,Corinthians,0,1,V. Visitante
372,2021,38,Chapecoense,Gremio,1,1,Empate
373,2021,38,Athletico-PR,Palmeiras,3,2,V. Mandante
374,2021,38,Athletico-PR,America-MG,0,0,Empate
375,2021,38,Gremio,Athletico-PR,2,2,Empate
376,2021,38,Juventude,Athletico-PR,1,3,V. Visitante
377,2021,38,Corinthians,Fortaleza,0,1,V. Visitante
378,2021,38,Sao Paulo,Atletico-MG,1,1,Empate
379,2021,38,Bahia,Fortaleza,1,1,Empate
380,2021,38,Botafogo,Sport,1,0,V. Mandante
381,2022,1,Sao Paulo,Juventude,1,0,V. Mandante
382,2022,1,RB Bragantino,Fortaleza,2,1,V. Mandante
383,2022,1,Fortaleza,Juventude,2,1,V. Mandante
384,2022,1,Athletico-PR,Fortaleza,3,1,V. Mandante
385,2022,1,Fluminense,Atletico-MG,1,1,Empate
386,2022,1,Internacional,Avai,2,1,V. Mandante
387,2022,1,RB Bragantino,Sao Paulo,0,1,V. Visitante
388,2022,1,RB Bragantino,Coritiba,2,0,V. Mandante
389,2022,1,Palmeiras,Juventude,4,0,V. Mandante
390,2022,1,Internacional,Atletico-MG,4,2,V. Mandante
391,2022,2,Fluminense,Juventude,2,2,Empate
392,2022,2,Fortaleza,Atletico-GO,3,0,V. Mandante
393,2022,2,Flamengo,Avai,3,1,V. Mandante
394,2022,2,Internacional,Cuiaba,1,0,V. Mandante
395,2022,2,Athletico-PR,Coritiba,0,0,Empate
396,2022,2,Fluminense,Atletico-GO,5,1,V. Mandante
397,2022,2,Sao Paulo,Santos,1,1,Empate
398,2022,2,Athletico-PR,Atletico-MG,1,2,V. Visitante
399,2022,2,Corinthians,RB Bragantino,2,0,V. Mandante
400,2022,2,Sao Paulo,Goias,3,0,V. Mandante
401,2022,3,Goias,Atletico-GO,1,1,Empate
402,2022,3,Sao Paulo,Ceara,1,0,V. Mandante
403,2022,3,Botafogo,Santos,0,1,V. Visitante
404,2022,3,Goias,Avai,1,1,Empate
405,2022,3,RB Bragantino,America-MG,3,1,V. Mandante
406,2022,3,Corinthians,Ceara,3,2,V. Mandante
407,2022,3,Botafogo,RB Bragantino,2,0,V. Mandante
408,2022,3,Botafogo,Cuiaba,1,2,V. Visitante
409,2022,3,Corinthians,Cuiaba,0,0,Empate
410,2022,3,Palmeiras,Fortaleza,3,0,V. Mandante
411,2022,4,Internacional,Fortaleza,1,1,Empate
412,2022,4,Juventude,Atletico-GO,1,0,V. Mandante
413,2022,4,Athletico-PR,Avai,2,1,V. Mandante
414,2022,4,Corinthians,Atletico-MG,0,4,V. Visitante
415,2022,4,Coritiba,Avai,0,0,Empate
416,2022,4,Botafogo,Sao Paulo,3,0,V. Mandante
417,2022,4,America-MG,Fortaleza,2,2,Empate
418,2022,4,Corinthians,Coritiba,2,1,V. Mandante
419,2022,4,Flamengo,Atletico-MG,3,3,Empate
420,2022,4,Internacional,Ceara,3,1,V. Mandante
421,2022,5,Palmeiras,Corinthians,2,2,Empate
422,2022,5,Flamengo,Athletico-PR,2,3,V. Visitante
423,2022,5,Corinthians,Juventude,2,1,V. Mandante
424,2022,5,America-MG,Coritiba,1,2,V. Visitante
425,2022,5,Internacional,Atletico-GO,3,1,V. Mandante
426,2022,5,Corinthians,Sao Paulo,3,0,V. Mandante
427,2022,5,Palmeiras,Internacional,2,1,V. Mandante
428,2022,5,Athletico-PR,Goias,0,1,V. Visitante
429,2022,5,Santos,Cuiaba,3,2,V. Mandante
430,2022,5,RB Bragantino,Cuiaba,2,1,V. Mandante
431,2022,6,Athletico-PR,Cuiaba,2,1,V. Mandante
432,2022,6,Santos,Avai,0,0,Empate
433,2022,6,Ceara,Cuiaba,1,0,V. Mandante
434,2022,6,Avai,Atletico-GO,0,4,V. Visitante
435,2022,6,America-MG,Juventude,0,0,Empate
436,2022,6,Fluminense,Santos,2,0,V. Mandante
437,2022,6,Athletico-PR,Santos,1,1,Empate
438,2022,6,Palmeiras,Avai,1,0,V. Mandante
439,2022,6,RB Bragantino,Atletico-GO,2,1,V. Mandante
440,2022,6,Sao Paulo,Atletico-MG,1,2,V. Visitante
441,2022,7,America-MG,Santos,2,0,V. Mandante
442,2022,7,Botafogo,America-MG,1,2,V. Visitante
443,2022,7,Botafogo,Avai,0,0,Empate
444,2022,7,RB Bragantino,Avai,1,1,Empate
445,2022,7,Ceara,Coritiba,3,1,V. Mandante
446,2022,7,Fluminense,Fortaleza,2,0,V. Mandante
447,2022,7,Botafogo,Ceara,1,0,V. Mandante
448,2022,7,Fluminense,Ceara,3,3,Empate
449,2022,7,Palmeiras,Sao Paulo,1,0,V. Mandante
450,2022,7,Flamengo,Corinthians,5,2,V. Mandante
451,2022,8,Internacional,Juventude,2,2,Empate
452,2022,8,Fluminense,Botafogo,3,2,V. Mandante
453,2022,8,Internacional,Botafogo,0,3,V. Visitante
454,2022,8,Palmeiras,America-MG,1,1,Empate
455,2022,8,America-MG,Avai,1,2,V. Visitante
456,2022,8,Palmeiras,Ceara,3,1,V. Mandante
457,2022,8,Palmeiras,Atletico-MG,2,2,Empate
458,2022,8,Fluminense,Avai,1,1,Empate
459,2022,8,Ceara,Avai,1,2,V. Visitante
460,2022,8,Palmeiras,Atletico-GO,2,0,V. Mandante
461,2022,9,Santos,Atletico-MG,1,2,V. Visitante
462,2022,9,Fluminense,Goias,3,0,V. Mandante
463,2022,9,Internacional,Athletico-PR,4,1,V. Mandante
464,2022,9,Fluminense,Cuiaba,4,1,V. Mandante
465,2022,9,Atletico-MG,Goias,3,0,V. Mandante
466,2022,9,Palmeiras,Botafogo,3,0,V. Mandante
467,2022,9,Fluminense,RB Bragantino,0,2,V. Visitante
468,2022,9,Fluminense,Sao Paulo,1,0,V. Mandante
469,2022,9,Corinthians,Botafogo,1,1,Empate
470,2022,9,Palmeiras,Flamengo,2,2,Empate
471,2022,10,Internacional,RB Bragantino,5,0,V. Mandante
472,2022,10,America-MG,Cuiaba,0,3,V. Visitante
473,2022,10,RB Bragantino,Atletico-MG,1,3,V. Visitante
474,2022,10,Botafogo,Goias,2,1,V. Mandante
475,2022,10,Atletico-MG,Atletico-GO,1,3,V. Visitante
476,2022,10,Ceara,Atletico-GO,0,3,V. Visitante
477,2022,10,RB Bragantino,Juventude,3,1,V. Mandante
478,2022,10,Internacional,Sao Paulo,0,3,V. Visitante
479,2022,10,Palmeiras,Coritiba,1,0,V. Mandante
480,2022,10,Athletico-PR,Ceara,2,4,V. Visitante
481,2022,11,Botafogo,Fortaleza,1,1,Empate
482,2022,11,Corinthians,Fortaleza,4,2,V. Mandante
483,2022,11,Sao Paulo,Fortaleza,1,2,V. Visitante
484,2022,11,Botafogo,Atletico-MG,2,2,Empate
485,2022,11,Palmeiras,Goias,1,0,V. Mandante
486,2022,11,Atletico-MG,Ceara,3,0,V. Mandante
487,2022,11,Flamengo,Cuiaba,5,0,V. Mandante
488,2022,11,Internacional,America-MG,5,2,V. Mandante
489,2022,11,Internacional,Fluminense,2,1,V. Mandante
490,2022,11,Ceara,Juventude,2,0,V. Mandante
491,2022,12,Cuiaba,Atletico-GO,2,1,V. Mandante
492,2022,12,Internacional,Coritiba,4,1,V. Mandante
493,2022,12,Atletico-MG,Fortaleza,0,0,Empate
494,2022,12,Ceara,Fortaleza,1,2,V. Visitante
495,2022,12,Flamengo,Ceara,6,2,V. Mandante
496,2022,12,Avai,Juventude,1,1,Empate
497,2022,12,Flamengo,Fortaleza,3,1,V. Mandante
498,2022,12,Athletico-PR,Atletico-GO,0,0,Empate
499,2022,12,Palmeiras,Santos,6,0,V. Mandante
500,2022,12,Flamengo,America-MG,1,1,Empate
501,2022,13,Flamengo,Sao Paulo,2,2,Empate
502,2022,13,Fluminense,Flamengo,1,2,V. Visitante
503,2022,13,Fluminense,Athletico-PR,3,1,V. Mandante
504,2022,13,Botafogo,Juventude,1,1,Empate
505,2022,13,Athletico-PR,America-MG,0,0,Empate
506,2022,13,Corinthians,Santos,1,0,V. Mandante
507,2022,13,Sao Paulo,Atletico-GO,0,0,Empate
508,2022,13,Fluminense,Corinthians,1,0,V. Mandante
509,2022,13,America-MG,Sao Paulo,1,1,Empate
510,2022,13,America-MG,Atletico-GO,4,0,V. Mandante
511,2022,14,Fortaleza,Avai,0,0,Empate
512,2022,14,Atletico-MG,Coritiba,2,1,V. Mandante
513,2022,14,Flamengo,Goias,1,0,V. Mandante
514,2022,14,Fortaleza,Goias,1,0,V. Mandante
515,2022,14,Botafogo,Atletico-GO,1,1,Empate
516,2022,14,Internacional,Corinthians,3,3,Empate
517,2022,14,Palmeiras,Fluminense,2,0,V. Mandante
518,2022,14,Palmeiras,Athletico-PR,0,1,V. Visitante
519,2022,14,Atletico-MG,Avai,0,1,V. Visitante
520,2022,14,Corinthians,America-MG,0,0,Empate
521,2022,15,Flamengo,Coritiba,1,1,Empate
522,2022,15,Coritiba,Juventude,0,2,V. Visitante
523,2022,15,Coritiba,Atletico-GO,1,1,Empate
524,2022,15,Palmeiras,Cuiaba,2,1,V. Mandante
525,2022,15,Santos,Juventude,3,1,V. Mandante
526,2022,15,Fluminense,America-MG,3,0,V. Mandante
527,2022,15,Internacional,Santos,1,3,V. Visitante
528,2022,15,Athletico-PR,Juventude,4,1,V. Mandante
529,2022,15,Santos,Goias,0,0,Empate
530,2022,15,Flamengo,Santos,4,0,V. Mandante
531,2022,16,Corinthians,Goias,1,0,V. Mandante
532,2022,16,Internacional,Goias,1,1,Empate
533,2022,16,Athletico-PR,Botafogo,2,1,V. Mandante
534,2022,16,Corinthians,Athletico-PR,2,0,V. Mandante
535,2022,16,Goias,Juventude,2,1,V. Mandante
536,2022,16,RB Bragantino,Ceara,4,2,V. Mandante
537,2022,16,Sao Paulo,Coritiba,2,2,Empate
538,2022,16,Fortaleza,Cuiaba,0,1,V. Visitante
539,2022,16,Corinthians,Atletico-GO,1,1,Empate
540,2022,16,Athletico-PR,Sao Paulo,3,0,V. Mandante
541,2022,17,RB Bragantino,Santos,1,1,Empate
542,2022,17,Santos,Ceara,2,0,V. Mandante
543,2022,17,Fluminense,Coritiba,3,1,V. Mandante
544,2022,17,Athletico-PR,RB Bragantino,3,0,V. Mandante
545,2022,17,America-MG,Goias,0,0,Empate
546,2022,17,Flamengo,Juventude,2,1,V. Mandante
547,2022,17,Corinthians,Avai,3,1,V. Mandante
548,2022,17,Cuiaba,Juventude,3,1,V. Mandante
549,2022,17,Flamengo,RB Bragantino,2,2,Empate
550,2022,17,Ceara,Goias,1,3,V. Visitante
551,2022,18,Flamengo,Botafogo,2,2,Empate
552,2022,18,Sao Paulo,Avai,0,2,V. Visitante
553,2022,18,America-MG,Ceara,1,0,V. Mandante
554,2022,18,RB Bragantino,Goias,0,0,Empate
555,2022,18,Santos,Atletico-GO,2,0,V. Mandante
556,2022,18,Fortaleza,Coritiba,2,0,V. Mandante
557,2022,18,Santos,Coritiba,2,0,V. Mandante
558,2022,18,Coritiba,Goias,1,1,Empate
559,2022,18,Goias,Cuiaba,1,1,Empate
560,2022,18,Santos,Fortaleza,0,1,V. Visitante
561,2022,19,Atletico-MG,Cuiaba,3,1,V. Mandante
562,2022,19,Sao Paulo,Cuiaba,4,0,V. Mandante
563,2022,19,America-MG,Atletico-MG,2,2,Empate
564,2022,19,Flamengo,Atletico-GO,2,0,V. Mandante
565,2022,19,Palmeiras,RB Bragantino,1,1,Empate
566,2022,19,Atletico-MG,Juventude,2,1,V. Mandante
567,2022,19,Coritiba,Cuiaba,4,1,V. Mandante
568,2022,19,Internacional,Flamengo,3,1,V. Mandante
569,2022,19,Avai,Cuiaba,2,2,Empate
570,2022,19,Botafogo,Coritiba,1,0,V. Mandante
571,2022,20,Avai,Ceara,0,1,V. Visitante
572,2022,20,Juventude,Avai,1,0,V. Mandante
573,2022,20,Atletico-MG,Botafogo,3,1,V. Mandante
574,2022,20,Coritiba,Corinthians,0,1,V. Visitante
575,2022,20,America-MG,Botafogo,2,1,V. Mandante
576,2022,20,Juventude,Fortaleza,3,1,V. Mandante
577,2022,20,Sao Paulo,Athletico-PR,3,2,V. Mandante
578,2022,20,Juventude,Botafogo,0,0,Empate
579,2022,20,Santos,Palmeiras,0,1,V. Visitante
580,2022,20,Fortaleza,Internacional,2,4,V. Visitante
581,2022,21,Goias,Ceara,1,0,V. Mandante
582,2022,21,America-MG,Fluminense,1,1,Empate
583,2022,21,Atletico-GO,Fluminense,3,2,V. Mandante
584,2022,21,Avai,Botafogo,0,4,V. Visitante
585,2022,21,Coritiba,Fluminense,3,1,V. Mandante
586,2022,21,Coritiba,Flamengo,3,3,Empate
587,2022,21,Juventude,Palmeiras,0,1,V. Visitante
588,2022,21,America-MG,Corinthians,2,1,V. Mandante
589,2022,21,Atletico-GO,America-MG,1,0,V. Mandante
590,2022,21,Fortaleza,America-MG,1,0,V. Mandante
591,2022,22,Fortaleza,Palmeiras,1,4,V. Visitante
592,2022,22,Goias,Sao Paulo,2,1,V. Mandante
593,2022,22,Avai,Athletico-PR,1,3,V. Visitante
594,2022,22,Sao Paulo,Internacional,1,2,V. Visitante
595,2022,22,RB Bragantino,Palmeiras,3,0,V. Mandante
596,2022,22,Coritiba,Botafogo,0,0,Empate
597,2022,22,Atletico-GO,Flamengo,1,2,V. Visitante
598,2022,22,Coritiba,Sao Paulo,2,0,V. Mandante
599,2022,22,Cuiaba,America-MG,1,1,Empate
600,2022,22,Atletico-GO,Sao Paulo,1,0,V. Mandante
601,2022,23,Botafogo,Palmeiras,2,3,V. Visitante
602,2022,23,Athletico-PR,Flamengo,2,1,V. Mandante
603,2022,23,Sao Paulo,Flamengo,5,1,V. Mandante
604,2022,23,Avai,RB Bragantino,1,2,V. Visitante
605,2022,23,Atletico-MG,Internacional,3,2,V. Mandante
606,2022,23,Atletico-MG,RB Bragantino,2,0,V. Mandante
607,2022,23,Cuiaba,Athletico-PR,2,4,V. Visitante
608,2022,23,Coritiba,Ceara,0,1,V. Visitante
609,2022,23,Santos,Sao Paulo,3,2,V. Mandante
610,2022,23,Avai,Santos,0,2,V. Visitante
611,2022,24,Santos,Athletico-PR,1,7,V. Visitante
612,2022,24,Avai,Fortaleza,1,1,Empate
613,2022,24,Goias,Coritiba,0,0,Empate
614,2022,24,Atletico-GO,Santos,3,0,V. Mandante
615,2022,24,Coritiba,Internacional,0,1,V. Visitante
616,2022,24,Botafogo,Internacional,0,2,V. Visitante
617,2022,24,Juventude,Coritiba,0,1,V. Visitante
618,2022,24,Atletico-GO,Ceara,2,0,V. Mandante
619,2022,24,Avai,Atletico-MG,0,3,V. Visitante
620,2022,24,Coritiba,Fortaleza,1,2,V. Visitante
621,2022,25,Santos,Botafogo,2,1,V. Mandante
622,2022,25,Sao Paulo,RB Bragantino,3,2,V. Mandante
623,2022,25,Atletico-GO,Corinthians,1,2,V. Visitante
624,2022,25,Sao Paulo,Fluminense,2,3,V. Visitante
625,2022,25,Cuiaba,Ceara,0,0,Empate
626,2022,25,Atletico-GO,Internacional,1,1,Empate
627,2022,25,Fluminense,Internacional,1,0,V. Mandante
628,2022,25,Juventude,Ceara,1,2,V. Visitante
629,2022,25,Athletico-PR,Palmeiras,5,1,V. Mandante
630,2022,25,Ceara,Athletico-PR,2,0,V. Mandante
631,2022,26,Atletico-MG,Santos,2,2,Empate
632,2022,26,Goias,Fluminense,2,2,Empate
633,2022,26,Avai,America-MG,0,0,Empate
634,2022,26,Botafogo,Athletico-PR,4,0,V. Mandante
635,2022,26,Atletico-MG,Palmeiras,1,3,V. Visitante
636,2022,26,Atletico-MG,America-MG,3,1,V. Mandante
637,2022,26,Ceara,Palmeiras,1,3,V. Visitante
638,2022,26,Fortaleza,RB Bragantino,0,0,Empate
639,2022,26,Atletico-GO,Botafogo,0,0,Empate
640,2022,26,Cuiaba,Santos,1,0,V. Mandante
641,2022,27,Cuiaba,Atletico-MG,1,1,Empate
642,2022,27,Corinthians,Flamengo,1,2,V. Visitante
643,2022,27,Fortaleza,Corinthians,2,3,V. Visitante
644,2022,27,Fluminense,Palmeiras,2,1,V. Mandante
645,2022,27,America-MG,Palmeiras,0,3,V. Visitante
646,2022,27,Ceara,Sao Paulo,1,1,Empate
647,2022,27,Cuiaba,Flamengo,1,2,V. Visitante
648,2022,27,Cuiaba,Coritiba,0,0,Empate
649,2022,27,Coritiba,America-MG,3,1,V. Mandante
650,2022,27,America-MG,Flamengo,3,0,V. Mandante
651,2022,28,Fortaleza,Athletico-PR,1,2,V. Visitante
652,2022,28,Cuiaba,Fortaleza,4,2,V. Mandante
653,2022,28,Goias,Athletico-PR,3,0,V. Mandante
654,2022,28,Cuiaba,Fluminense,1,2,V. Visitante
655,2022,28,Atletico-GO,Atletico-MG,3,2,V. Mandante
656,2022,28,Fortaleza,Flamengo,4,2,V. Mandante
657,2022,28,Sao Paulo,Palmeiras,1,3,V. Visitante
658,2022,28,Cuiaba,Goias,1,0,V. Mandante
659,2022,28,Goias,Corinthians,0,0,Empate
660,2022,28,Coritiba,RB Bragantino,1,0,V. Mandante
661,2022,29,Juventude,Internacional,0,5,V. Visitante
662,2022,29,Santos,Flamengo,0,4,V. Visitante
663,2022,29,Juventude,Fluminense,2,2,Empate
664,2022,29,Atletico-GO,Avai,1,1,Empate
665,2022,29,Juventude,Sao Paulo,1,1,Empate
666,2022,29,Coritiba,Santos,1,5,V. Visitante
667,2022,29,Fortaleza,Botafogo,1,2,V. Visitante
668,2022,29,Ceara,Botafogo,3,0,V. Mandante
669,2022,29,Ceara,Flamengo,2,4,V. Visitante
670,2022,29,Ceara,Atletico-MG,1,1,Empate
671,2022,30,Athletico-PR,Corinthians,1,1,Empate
672,2022,30,Santos,Fluminense,1,2,V. Visitante
673,2022,30,Cuiaba,RB Bragantino,0,0,Empate
674,2022,30,Santos,Internacional,2,2,Empate
675,2022,30,RB Bragantino,Corinthians,2,1,V. Mandante
676,2022,30,Santos,America-MG,1,0,V. Mandante
677,2022,30,RB Bragantino,Fluminense,2,4,V. Visitante
678,2022,30,Flamengo,Palmeiras,1,1,Empate
679,2022,30,Avai,Coritiba,0,0,Empate
680,2022,30,Cuiaba,Botafogo,2,0,V. Mandante
681,2022,31,Cuiaba,Corinthians,0,2,V. Visitante
682,2022,31,Fortaleza,Fluminense,0,1,V. Visitante
683,2022,31,Corinthians,Internacional,4,2,V. Mandante
684,2022,31,Juventude,Santos,1,0,V. Mandante
685,2022,31,Sao Paulo,Botafogo,0,1,V. Visitante
686,2022,31,America-MG,Internacional,4,1,V. Mandante
687,2022,31,Coritiba,Palmeiras,2,3,V. Visitante
688,2022,31,America-MG,Athletico-PR,1,0,V. Mandante
689,2022,31,Athletico-PR,Fluminense,0,1,V. Visitante
690,2022,31,RB Bragantino,Internacional,3,2,V. Mandante
691,2022,32,America-MG,RB Bragantino,1,0,V. Mandante
692,2022,32,Juventude,Corinthians,0,1,V. Visitante
693,2022,32,Juventude,RB Bragantino,1,3,V. Visitante
694,2022,32,Ceara,Corinthians,1,4,V. Visitante
695,2022,32,Cuiaba,Avai,2,1,V. Mandante
696,2022,32,Atletico-GO,Palmeiras,0,0,Empate
697,2022,32,Cuiaba,Internacional,0,1,V. Visitante
698,2022,32,Atletico-MG,Flamengo,2,3,V. Visitante
699,2022,32,Botafogo,Corinthians,2,0,V. Mandante
700,2022,32,RB Bragantino,Botafogo,1,1,Empate
701,2022,33,Goias,Atletico-MG,2,0,V. Mandante
702,2022,33,Ceara,Santos,3,0,V. Mandante
703,2022,33,Goias,RB Bragantino,0,1,V. Visitante
704,2022,33,Juventude,Athletico-PR,1,2,V. Visitante
705,2022,33,Avai,Goias,2,2,Empate
706,2022,33,Juventude,America-MG,0,2,V. Visitante
707,2022,33,Santos,RB Bragantino,2,2,Empate
708,2022,33,Atletico-MG,Corinthians,1,4,V. Visitante
709,2022,33,Atletico-GO,Athletico-PR,1,0,V. Mandante
710,2022,33,Atletico-MG,Sao Paulo,1,0,V. Mandante
711,2022,34,Corinthians,Fluminense,1,0,V. Mandante
712,2022,34,Avai,Sao Paulo,1,0,V. Mandante
713,2022,34,Atletico-MG,Fluminense,2,1,V. Mandante
714,2022,34,Ceara,RB Bragantino,0,1,V. Visitante
715,2022,34,Botafogo,Flamengo,1,0,V. Mandante
716,2022,34,Atletico-GO,Goias,1,1,Empate
717,2022,34,Cuiaba,Sao Paulo,2,0,V. Mandante
718,2022,34,Flamengo,Fluminense,2,2,Empate
719,2022,34,Coritiba,Atletico-MG,0,1,V. Visitante
720,2022,34,Corinthians,Palmeiras,2,4,V. Visitante
721,2022,35,Avai,Flamengo,0,0,Empate
722,2022,35,Goias,Fortaleza,2,0,V. Mandante
723,2022,35,RB Bragantino,Athletico-PR,2,2,Empate
724,2022,35,Internacional,Palmeiras,2,1,V. Mandante
725,2022,35,Atletico-GO,RB Bragantino,2,2,Empate
726,2022,35,Fortaleza,Santos,2,2,Empate
727,2022,35,Ceara,Fluminense,1,0,V. Mandante
728,2022,35,Juventude,Goias,0,0,Empate
729,2022,35,Goias,Flamengo,0,3,V. Visitante
730,2022,35,Avai,Palmeiras,0,1,V. Visitante
731,2022,36,Sao Paulo,America-MG,1,1,Empate
732,2022,36,Goias,Internacional,4,0,V. Mandante
733,2022,36,Atletico-MG,Athletico-PR,2,0,V. Mandante
734,2022,36,Goias,Palmeiras,0,3,V. Visitante
735,2022,36,Coritiba,Athletico-PR,1,0,V. Mandante
736,2022,36,Fortaleza,Sao Paulo,1,0,V. Mandante
737,2022,36,Juventude,Cuiaba,0,0,Empate
738,2022,36,Juventude,Flamengo,0,0,Empate
739,2022,36,Cuiaba,Palmeiras,0,0,Empate
740,2022,36,Goias,Santos,1,0,V. Mandante
741,2022,37,Ceara,America-MG,1,3,V. Visitante
742,2022,37,Athletico-PR,Internacional,2,0,V. Mandante
743,2022,37,Sao Paulo,Corinthians,2,1,V. Mandante
744,2022,37,RB Bragantino,Flamengo,1,0,V. Mandante
745,2022,37,Avai,Corinthians,2,1,V. Mandante
746,2022,37,Atletico-GO,Juventude,2,0,V. Mandante
747,2022,37,Avai,Fluminense,0,0,Empate
748,2022,37,Botafogo,Fluminense,3,1,V. Mandante
749,2022,37,Avai,Internacional,0,2,V. Visitante
750,2022,37,Atletico-GO,Coritiba,0,1,V. Visitante
751,2022,38,Fortaleza,Ceara,2,0,V. Mandante
752,2022,38,Juventude,Atletico-MG,1,3,V. Visitante
753,2022,38,Fortaleza,Atletico-MG,1,2,V. Visitante
754,2022,38,Flamengo,Internacional,1,1,Empate
755,2022,38,Ceara,Internacional,0,0,Empate
756,2022,38,Santos,Corinthians,2,1,V. Mandante
757,2022,38,Goias,America-MG,0,3,V. Visitante
758,2022,38,Atletico-GO,Cuiaba,1,0,V. Mandante
759,2022,38,Goias,Botafogo,0,1,V. Visitante
760,2022,38,Atletico-GO,Fortaleza,0,3,V. Visitante
761,2023,1,Gremio,Santos,4,0,V. Mandante
762,2023,1,Gremio,Goias,1,0,V. Mandante
763,2023,1,Athletico-PR,Coritiba,0,0,Empate
764,2023,1,Corinthians,Bahia,2,0,V. Mandante
765,2023,1,America-MG,Cruzeiro,0,1,V. Visitante
766,2023,1,Palmeiras,Coritiba,1,0,V. Mandante
767,2023,1,Internacional,Santos,0,3,V. Visitante
768,2023,1,Gremio,America-MG,2,1,V. Mandante
769,2023,1,America-MG,Goias,0,1,V. Visitante
770,2023,1,Palmeiras,Cruzeiro,5,0,V. Mandante
771,2023,2,Vasco,Coritiba,1,0,V. Mandante
772,2023,2,Botafogo,Fluminense,3,1,V. Mandante
773,2023,2,Sao Paulo,Bahia,5,0,V. Mandante
774,2023,2,Red Bull Bragantino,Cuiaba,2,4,V. Visitante
775,2023,2,Athletico-PR,Goias,0,0,Empate
776,2023,2,Cuiaba,Vasco,2,1,V. Mandante
777,2023,2,Fluminense,Cruzeiro,2,0,V. Mandante
778,2023,2,Fluminense,Internacional,2,2,Empate
779,2023,2,Internacional,Coritiba,1,1,Empate
780,2023,2,Athletico-PR,Cruzeiro,1,1,Empate
781,2023,3,Santos,Cruzeiro,0,1,V. Visitante
782,2023,3,Red Bull Bragantino,Sao Paulo,1,1,Empate
783,2023,3,Flamengo,Vasco,4,3,V. Mandante
784,2023,3,Red Bull Bragantino,Bahia,3,0,V. Mandante
785,2023,3,Cruzeiro,Bahia,1,1,Empate
786,2023,3,Red Bull Bragantino,Coritiba,1,0,V. Mandante
787,2023,3,America-MG,Bahia,3,2,V. Mandante
788,2023,3,Fluminense,Goias,0,1,V. Visitante
789,2023,3,Sao Paulo,Coritiba,1,1,Empate
790,2023,3,Flamengo,Coritiba,1,0,V. Mandante
791,2023,4,Flamengo,Sao Paulo,1,3,V. Visitante
792,2023,4,Botafogo,Coritiba,1,1,Empate
793,2023,4,Botafogo,Flamengo,1,0,V. Mandante
794,2023,4,Botafogo,Corinthians,2,0,V. Mandante
795,2023,4,Fluminense,Bahia,3,0,V. Mandante
796,2023,4,Fluminense,Corinthians,1,1,Empate
797,2023,4,Corinthians,Santos,1,1,Empate
798,2023,4,Red Bull Bragantino,Internacional,1,1,Empate
799,2023,4,Flamengo,Corinthians,0,0,Empate
800,2023,4,Corinthians,Athletico-PR,0,0,Empate
801,2023,5,Gremio,Bahia,1,0,V. Mandante
802,2023,5,Corinthians,Vasco,2,0,V. Mandante
803,2023,5,Gremio,Cruzeiro,1,1,Empate
804,2023,5,Botafogo,Internacional,2,2,Empate
805,2023,5,Botafogo,Sao Paulo,1,0,V. Mandante
806,2023,5,Atletico-MG,Flamengo,1,1,Empate
807,2023,5,Fortaleza,Santos,2,1,V. Mandante
808,2023,5,Botafogo,Gremio,4,1,V. Mandante
809,2023,5,Flamengo,Cruzeiro,2,0,V. Mandante
810,2023,5,Gremio,Vasco,1,1,Empate
811,2023,6,Atletico-MG,Santos,4,1,V. Mandante
812,2023,6,Fluminense,America-MG,0,1,V. Visitante
813,2023,6,Botafogo,Atletico-MG,0,0,Empate
814,2023,6,Red Bull Bragantino,Vasco,0,1,V. Visitante
815,2023,6,Fluminense,Vasco,1,0,V. Mandante
816,2023,6,Internacional,Bahia,1,1,Empate
817,2023,6,Sao Paulo,Goias,3,0,V. Mandante
818,2023,6,Palmeiras,Internacional,2,0,V. Mandante
819,2023,6,Atletico-MG,Cuiaba,1,0,V. Mandante
820,2023,6,Flamengo,Internacional,4,0,V. Mandante
821,2023,7,Botafogo,Fortaleza,1,1,Empate
822,2023,7,Corinthians,Goias,0,0,Empate
823,2023,7,Sao Paulo,Corinthians,4,1,V. Mandante
824,2023,7,Santos,Coritiba,2,2,Empate
825,2023,7,Fortaleza,America-MG,1,1,Empate
826,2023,7,Fortaleza,Bahia,4,1,V. Mandante
827,2023,7,Botafogo,Palmeiras,2,1,V. Mandante
828,2023,7,Athletico-PR,Bahia,1,0,V. Mandante
829,2023,7,Fortaleza,Cuiaba,0,0,Empate
830,2023,7,Internacional,Cruzeiro,1,1,Empate
831,2023,8,Cruzeiro,Vasco,2,3,V. Visitante
832,2023,8,America-MG,Vasco,0,1,V. Visitante
833,2023,8,Athletico-PR,Santos,1,2,V. Visitante
834,2023,8,Cuiaba,Santos,0,0,Empate
835,2023,8,Internacional,Goias,3,1,V. Mandante
836,2023,8,Palmeiras,Vasco,6,2,V. Mandante
837,2023,8,Botafogo,Santos,1,1,Empate
838,2023,8,America-MG,Coritiba,0,0,Empate
839,2023,8,Fluminense,Cuiaba,2,1,V. Mandante
840,2023,8,Atletico-MG,Fortaleza,1,4,V. Visitante
841,2023,9,Red Bull Bragantino,Fortaleza,0,0,Empate
842,2023,9,Red Bull Bragantino,Santos,1,0,V. Mandante
843,2023,9,Palmeiras,Santos,1,0,V. Mandante
844,2023,9,Gremio,Internacional,1,1,Empate
845,2023,9,Flamengo,Santos,3,0,V. Mandante
846,2023,9,Sao Paulo,Santos,4,0,V. Mandante
847,2023,9,Corinthians,Fortaleza,0,3,V. Visitante
848,2023,9,Santos,Goias,1,0,V. Mandante
849,2023,9,Botafogo,Red Bull Bragantino,2,1,V. Mandante
850,2023,9,Red Bull Bragantino,America-MG,2,2,Empate
851,2023,10,Gremio,Coritiba,2,1,V. Mandante
852,2023,10,Santos,America-MG,0,0,Empate
853,2023,10,Botafogo,Vasco,2,2,Empate
854,2023,10,Gremio,Corinthians,1,0,V. Mandante
855,2023,10,Athletico-PR,Cuiaba,1,1,Empate
856,2023,10,Palmeiras,America-MG,5,1,V. Mandante
857,2023,10,Gremio,Fortaleza,2,0,V. Mandante
858,2023,10,Flamengo,Red Bull Bragantino,4,2,V. Mandante
859,2023,10,Atletico-MG,Athletico-PR,1,0,V. Mandante
860,2023,10,Botafogo,America-MG,1,2,V. Visitante
861,2023,11,Red Bull Bragantino,Fluminense,1,1,Empate
862,2023,11,Flamengo,Goias,1,0,V. Mandante
863,2023,11,Fluminense,Athletico-PR,5,2,V. Mandante
864,2023,11,Athletico-PR,Fortaleza,4,1,V. Mandante
865,2023,11,Atletico-MG,Coritiba,1,1,Empate
866,2023,11,Fluminense,Fortaleza,1,1,Empate
867,2023,11,Red Bull Bragantino,Goias,2,0,V. Mandante
868,2023,11,Corinthians,Cruzeiro,2,3,V. Visitante
869,2023,11,Corinthians,America-MG,4,1,V. Mandante
870,2023,11,Sao Paulo,Fortaleza,3,1,V. Mandante
871,2023,12,Palmeiras,Atletico-MG,2,0,V. Mandante
872,2023,12,Atletico-MG,Vasco,2,4,V. Visitante
873,2023,12,Atletico-MG,Bahia,3,1,V. Mandante
874,2023,12,Atletico-MG,Internacional,3,1,V. Mandante
875,2023,12,Botafogo,Cruzeiro,6,3,V. Mandante
876,2023,12,Sao Paulo,Cruzeiro,1,2,V. Visitante
877,2023,12,Internacional,Athletico-PR,3,2,V. Mandante
878,2023,12,Palmeiras,Red Bull Bragantino,2,1,V. Mandante
879,2023,12,Atletico-MG,Cruzeiro,1,0,V. Mandante
880,2023,12,Gremio,Atletico-MG,3,0,V. Mandante
881,2023,13,Botafogo,Bahia,1,0,V. Mandante
882,2023,13,Fortaleza,Goias,1,1,Empate
883,2023,13,Internacional,Vasco,1,0,V. Mandante
884,2023,13,Gremio,Athletico-PR,0,1,V. Visitante
885,2023,13,Palmeiras,Goias,2,0,V. Mandante
886,2023,13,Fortaleza,Cruzeiro,0,2,V. Visitante
887,2023,13,Cruzeiro,Coritiba,1,1,Empate
888,2023,13,Atletico-MG,Red Bull Bragantino,0,1,V. Visitante
889,2023,13,Sao Paulo,Fluminense,1,1,Empate
890,2023,13,Cuiaba,Coritiba,0,1,V. Visitante
891,2023,14,Internacional,Fortaleza,2,2,Empate
892,2023,14,Santos,Vasco,2,1,V. Mandante
893,2023,14,Palmeiras,Bahia,6,1,V. Mandante
894,2023,14,Cuiaba,Bahia,2,0,V. Mandante
895,2023,14,Atletico-MG,Fluminense,2,2,Empate
896,2023,14,Internacional,Cuiaba,1,1,Empate
897,2023,14,Corinthians,Coritiba,0,0,Empate
898,2023,14,Athletico-PR,America-MG,0,1,V. Visitante
899,2023,14,Sao Paulo,Vasco,2,2,Empate
900,2023,14,Corinthians,Cuiaba,3,0,V. Mandante
901,2023,15,Palmeiras,Sao Paulo,0,1,V. Visitante
902,2023,15,Sao Paulo,Athletico-PR,1,3,V. Visitante
903,2023,15,Goias,Bahia,2,0,V. Mandante
904,2023,15,Vasco,Bahia,2,0,V. Mandante
905,2023,15,Sao Paulo,Internacional,0,2,V. Visitante
906,2023,15,Cuiaba,America-MG,0,1,V. Visitante
907,2023,15,Botafogo,Goias,2,0,V. Mandante
908,2023,15,Palmeiras,Fortaleza,4,0,V. Mandante
909,2023,15,Flamengo,Cuiaba,0,0,Empate
910,2023,15,Atletico-MG,Sao Paulo,5,1,V. Mandante
911,2023,16,Internacional,America-MG,1,0,V. Mandante
912,2023,16,Athletico-PR,Vasco,2,2,Empate
913,2023,16,Fluminense,Coritiba,0,0,Empate
914,2023,16,Atletico-MG,America-MG,4,0,V. Mandante
915,2023,16,Santos,Bahia,1,0,V. Mandante
916,2023,16,Atletico-MG,Corinthians,1,0,V. Mandante
917,2023,16,Gremio,Flamengo,1,0,V. Mandante
918,2023,16,Palmeiras,Gremio,4,3,V. Mandante
919,2023,16,Goias,Coritiba,0,0,Empate
920,2023,16,Bahia,Coritiba,2,2,Empate
921,2023,17,Red Bull Bragantino,Athletico-PR,2,0,V. Mandante
922,2023,17,Flamengo,Athletico-PR,1,0,V. Mandante
923,2023,17,Flamengo,Fluminense,2,1,V. Mandante
924,2023,17,Botafogo,Cuiaba,3,1,V. Mandante
925,2023,17,Atletico-MG,Goias,2,1,V. Mandante
926,2023,17,Red Bull Bragantino,Corinthians,2,1,V. Mandante
927,2023,17,Fortaleza,Vasco,2,0,V. Mandante
928,2023,17,Fortaleza,Coritiba,3,1,V. Mandante
929,2023,17,Flamengo,America-MG,2,0,V. Mandante
930,2023,17,Gremio,Sao Paulo,4,3,V. Mandante
931,2023,18,Palmeiras,Corinthians,1,0,V. Mandante
932,2023,18,Sao Paulo,America-MG,0,0,Empate
933,2023,18,Palmeiras,Flamengo,1,1,Empate
934,2023,18,Cuiaba,Goias,0,0,Empate
935,2023,18,Gremio,Cuiaba,1,0,V. Mandante
936,2023,18,Goias,Cruzeiro,3,2,V. Mandante
937,2023,18,Fluminense,Santos,2,0,V. Mandante
938,2023,18,Sao Paulo,Cuiaba,2,1,V. Mandante
939,2023,18,Flamengo,Fortaleza,2,2,Empate
940,2023,18,Gremio,Red Bull Bragantino,1,1,Empate
941,2023,19,Gremio,Fluminense,1,4,V. Visitante
942,2023,19,Botafogo,Athletico-PR,2,1,V. Mandante
943,2023,19,Internacional,Corinthians,4,1,V. Mandante
944,2023,19,Red Bull Bragantino,Cruzeiro,0,1,V. Visitante
945,2023,19,Palmeiras,Fluminense,2,1,V. Mandante
946,2023,19,Palmeiras,Athletico-PR,3,1,V. Mandante
947,2023,19,Cuiaba,Cruzeiro,0,3,V. Visitante
948,2023,19,Flamengo,Bahia,1,1,Empate
949,2023,19,Palmeiras,Cuiaba,3,0,V. Mandante
950,2023,19,Goias,Vasco,1,1,Empate
951,2023,20,Fortaleza,Atletico-MG,4,2,V. Mandante
952,2023,20,America-MG,Internacional,0,0,Empate
953,2023,20,Fortaleza,Flamengo,2,2,Empate
954,2023,20,Atletico-MG,Botafogo,4,2,V. Mandante
955,2023,20,Goias,Botafogo,0,1,V. Visitante
956,2023,20,Athletico-PR,Internacional,1,2,V. Visitante
957,2023,20,Coritiba,Fluminense,0,2,V. Visitante
958,2023,20,Cuiaba,Atletico-MG,1,3,V. Visitante
959,2023,20,Goias,Atletico-MG,1,3,V. Visitante
960,2023,20,Corinthians,Fluminense,0,0,Empate
961,2023,21,Red Bull Bragantino,Atletico-MG,2,0,V. Mandante
962,2023,21,Atletico-MG,Palmeiras,0,2,V. Visitante
963,2023,21,Goias,America-MG,2,1,V. Mandante
964,2023,21,Bahia,Vasco,3,0,V. Mandante
965,2023,21,Goias,Cuiaba,0,0,Empate
966,2023,21,Cruzeiro,Cuiaba,1,1,Empate
967,2023,21,Gremio,Palmeiras,0,1,V. Visitante
968,2023,21,Corinthians,Botafogo,2,0,V. Mandante
969,2023,21,Athletico-PR,Red Bull Bragantino,3,0,V. Mandante
970,2023,21,Coritiba,Atletico-MG,0,0,Empate
971,2023,22,Fluminense,Palmeiras,3,1,V. Mandante
972,2023,22,Coritiba,America-MG,1,2,V. Visitante
973,2023,22,Goias,Sao Paulo,2,2,Empate
974,2023,22,Coritiba,Goias,1,1,Empate
975,2023,22,Vasco,America-MG,0,0,Empate
976,2023,22,America-MG,Fluminense,0,5,V. Visitante
977,2023,22,Red Bull Bragantino,Botafogo,2,0,V. Mandante
978,2023,22,Vasco,Goias,0,0,Empate
979,2023,22,Vasco,Internacional,3,0,V. Mandante
980,2023,22,Coritiba,Corinthians,0,3,V. Visitante
981,2023,23,Athletico-PR,Flamengo,4,3,V. Mandante
982,2023,23,Cuiaba,Athletico-PR,2,1,V. Mandante
983,2023,23,Coritiba,Cruzeiro,0,0,Empate
984,2023,23,Sao Paulo,Botafogo,0,1,V. Visitante
985,2023,23,Cuiaba,Sao Paulo,0,0,Empate
986,2023,23,Cuiaba,Corinthians,0,0,Empate
987,2023,23,Red Bull Bragantino,Gremio,1,2,V. Visitante
988,2023,23,Internacional,Sao Paulo,1,0,V. Mandante
989,2023,23,Cruzeiro,Red Bull Bragantino,0,1,V. Visitante
990,2023,23,Flamengo,Atletico-MG,3,1,V. Mandante
991,2023,24,Bahia,Atletico-MG,0,0,Empate
992,2023,24,Coritiba,Santos,0,1,V. Visitante
993,2023,24,Bahia,Corinthians,0,3,V. Visitante
994,2023,24,Cuiaba,Botafogo,2,1,V. Mandante
995,2023,24,Corinthians,Gremio,1,1,Empate
996,2023,24,Gremio,Botafogo,2,2,Empate
997,2023,24,Vasco,Fortaleza,1,0,V. Mandante
998,2023,24,Bahia,Cuiaba,1,0,V. Mandante
999,2023,24,Goias,Fortaleza,0,1,V. Visitante
1000,2023,24,Santos,Cuiaba,1,2,V. Visitante
1001,2023,25,Santos,Internacional,2,2,Empate
1002,2023,25,Fluminense,Sao Paulo,1,2,V. Visitante
1003,2023,25,Fluminense,Atletico-MG,0,2,V. Visitante
1004,2023,25,Goias,Internacional,1,2,V. Visitante
1005,2023,25,Cruzeiro,Goias,2,0,V. Mandante
1006,2023,25,America-MG,Fortaleza,1,0,V. Mandante
1007,2023,25,Santos,Gremio,1,1,Empate
1008,2023,25,Flamengo,Gremio,2,1,V. Mandante
1009,2023,25,Sao Paulo,Red Bull Bragantino,3,0,V. Mandante
1010,2023,25,Coritiba,Palmeiras,1,1,Empate
1011,2023,26,Vasco,Flamengo,0,1,V. Visitante
1012,2023,26,Santos,Palmeiras,1,1,Empate
1013,2023,26,America-MG,Sao Paulo,2,0,V. Mandante
1014,2023,26,Internacional,Atletico-MG,2,5,V. Visitante
1015,2023,26,Athletico-PR,Corinthians,0,1,V. Visitante
1016,2023,26,Cruzeiro,Botafogo,1,2,V. Visitante
1017,2023,26,Cruzeiro,Internacional,0,2,V. Visitante
1018,2023,26,Fortaleza,Corinthians,2,0,V. Mandante
1019,2023,26,Bahia,Botafogo,1,1,Empate
1020,2023,26,America-MG,Palmeiras,1,2,V. Visitante
1021,2023,27,Corinthians,Palmeiras,1,2,V. Visitante
1022,2023,27,Bahia,Flamengo,2,0,V. Mandante
1023,2023,27,Bahia,Fluminense,2,1,V. Mandante
1024,2023,27,Bahia,Palmeiras,1,2,V. Visitante
1025,2023,27,Sao Paulo,Palmeiras,1,2,V. Visitante
1026,2023,27,Internacional,Botafogo,2,1,V. Mandante
1027,2023,27,Cuiaba,Internacional,2,2,Empate
1028,2023,27,Vasco,Cuiaba,1,0,V. Mandante
1029,2023,27,Fluminense,Flamengo,1,3,V. Visitante
1030,2023,27,Goias,Red Bull Bragantino,1,2,V. Visitante
1031,2023,28,Red Bull Bragantino,Flamengo,2,3,V. Visitante
1032,2023,28,America-MG,Red Bull Bragantino,0,1,V. Visitante
1033,2023,28,Coritiba,Flamengo,0,0,Empate
1034,2023,28,Internacional,Gremio,3,0,V. Mandante
1035,2023,28,Coritiba,Sao Paulo,2,0,V. Mandante
1036,2023,28,Cruzeiro,Athletico-PR,0,0,Empate
1037,2023,28,Fortaleza,Athletico-PR,3,2,V. Mandante
1038,2023,28,Cruzeiro,Palmeiras,2,6,V. Visitante
1039,2023,28,Corinthians,Atletico-MG,0,1,V. Visitante
1040,2023,28,Bahia,Goias,0,0,Empate
1041,2023,29,Palmeiras,Botafogo,1,5,V. Visitante
1042,2023,29,Goias,Palmeiras,1,2,V. Visitante
1043,2023,29,Vasco,Santos,1,0,V. Mandante
1044,2023,29,Fortaleza,Red Bull Bragantino,1,2,V. Visitante
1045,2023,29,Goias,Gremio,1,3,V. Visitante
1046,2023,29,Fortaleza,Sao Paulo,1,2,V. Visitante
1047,2023,29,Coritiba,Internacional,0,1,V. Visitante
1048,2023,29,Athletico-PR,Botafogo,0,2,V. Visitante
1049,2023,29,Internacional,Flamengo,3,5,V. Visitante
1050,2023,29,Sao Paulo,Gremio,2,1,V. Mandante
1051,2023,30,Cruzeiro,Flamengo,1,1,Empate
1052,2023,30,Goias,Flamengo,0,1,V. Visitante
1053,2023,30,Flamengo,Palmeiras,5,0,V. Mandante
1054,2023,30,Vasco,Corinthians,1,1,Empate
1055,2023,30,Athletico-PR,Fluminense,2,1,V. Mandante
1056,2023,30,Fluminense,Red Bull Bragantino,1,2,V. Visitante
1057,2023,30,Cruzeiro,Sao Paulo,0,1,V. Visitante
1058,2023,30,Vasco,Cruzeiro,2,2,Empate
1059,2023,30,Santos,Atletico-MG,1,0,V. Mandante
1060,2023,30,Santos,Fortaleza,2,2,Empate
1061,2023,31,Cuiaba,Gremio,1,1,Empate
1062,2023,31,Santos,Sao Paulo,1,2,V. Visitante
1063,2023,31,Coritiba,Fortaleza,1,0,V. Mandante
1064,2023,31,Cruzeiro,Fortaleza,1,1,Empate
1065,2023,31,Vasco,Athletico-PR,1,1,Empate
1066,2023,31,Goias,Corinthians,2,0,V. Mandante
1067,2023,31,Santos,Flamengo,0,0,Empate
1068,2023,31,Athletico-PR,Gremio,0,1,V. Visitante
1069,2023,31,Santos,Red Bull Bragantino,0,0,Empate
1070,2023,31,Santos,Athletico-PR,0,0,Empate
1071,2023,32,Fortaleza,Internacional,0,1,V. Visitante
1072,2023,32,Cruzeiro,Corinthians,0,1,V. Visitante
1073,2023,32,America-MG,Flamengo,0,0,Empate
1074,2023,32,Cruzeiro,Atletico-MG,2,0,V. Mandante
1075,2023,32,Vasco,Botafogo,1,1,Empate
1076,2023,32,Santos,Corinthians,2,0,V. Mandante
1077,2023,32,Cuiaba,Palmeiras,0,1,V. Visitante
1078,2023,32,Vasco,Palmeiras,3,3,Empate
1079,2023,32,Cuiaba,Flamengo,0,0,Empate
1080,2023,32,America-MG,Botafogo,1,2,V. Visitante
1081,2023,33,Vasco,Red Bull Bragantino,1,4,V. Visitante
1082,2023,33,Fortaleza,Palmeiras,0,2,V. Visitante
1083,2023,33,America-MG,Athletico-PR,0,1,V. Visitante
1084,2023,33,Internacional,Palmeiras,2,0,V. Mandante
1085,2023,33,Sao Paulo,Atletico-MG,3,0,V. Mandante
1086,2023,33,Bahia,Sao Paulo,2,1,V. Mandante
1087,2023,33,Athletico-PR,Palmeiras,1,1,Empate
1088,2023,33,Red Bull Bragantino,Palmeiras,3,0,V. Mandante
1089,2023,33,Cuiaba,Red Bull Bragantino,0,0,Empate
1090,2023,33,Coritiba,Cuiaba,2,0,V. Mandante
1091,2023,34,Vasco,Fluminense,1,0,V. Mandante
1092,2023,34,Bahia,Fortaleza,2,2,Empate
1093,2023,34,Cruzeiro,America-MG,1,0,V. Mandante
1094,2023,34,America-MG,Gremio,2,2,Empate
1095,2023,34,Corinthians,Flamengo,1,1,Empate
1096,2023,34,Flamengo,Botafogo,1,1,Empate
1097,2023,34,Goias,Athletico-PR,1,0,V. Mandante
1098,2023,34,Bahia,America-MG,3,1,V. Mandante
1099,2023,34,Coritiba,Gremio,0,0,Empate
1100,2023,34,Cruzeiro,Santos,3,1,V. Mandante
1101,2023,35,Corinthians,Internacional,2,1,V. Mandante
1102,2023,35,Corinthians,Red Bull Bragantino,2,1,V. Mandante
1103,2023,35,Santos,Botafogo,0,3,V. Visitante
1104,2023,35,Cruzeiro,Fluminense,1,1,Empate
1105,2023,35,Internacional,Red Bull Bragantino,3,0,V. Mandante
1106,2023,35,Bahia,Gremio,2,0,V. Mandante
1107,2023,35,Fortaleza,Gremio,3,0,V. Mandante
1108,2023,35,Cuiaba,Fluminense,0,2,V. Visitante
1109,2023,35,Cruzeiro,Gremio,3,0,V. Mandante
1110,2023,35,America-MG,Cuiaba,2,0,V. Mandante
1111,2023,36,Vasco,Sao Paulo,0,4,V. Visitante
1112,2023,36,Corinthians,Sao Paulo,1,2,V. Visitante
1113,2023,36,Coritiba,Vasco,1,0,V. Mandante
1114,2023,36,America-MG,Corinthians,2,2,Empate
1115,2023,36,Bahia,Athletico-PR,1,1,Empate
1116,2023,36,Vasco,Atletico-MG,1,4,V. Visitante
1117,2023,36,Athletico-PR,Atletico-MG,0,0,Empate
1118,2023,36,Athletico-PR,Sao Paulo,2,1,V. Mandante
1119,2023,36,Bahia,Cruzeiro,2,1,V. Mandante
1120,2023,36,Fluminense,Botafogo,2,0,V. Mandante
1121,2023,37,Goias,Fluminense,2,0,V. Mandante
1122,2023,37,Santos,Fluminense,0,1,V. Visitante
1123,2023,37,Vasco,Gremio,1,0,V. Mandante
1124,2023,37,Sao Paulo,Flamengo,2,0,V. Mandante
1125,2023,37,Coritiba,Red Bull Bragantino,1,2,V. Visitante
1126,2023,37,America-MG,Atletico-MG,1,1,Empate
1127,2023,37,America-MG,Santos,1,0,V. Mandante
1128,2023,37,Internacional,Fluminense,3,1,V. Mandante
1129,2023,37,Fortaleza,Fluminense,0,1,V. Visitante
1130,2023,37,Bahia,Santos,5,1,V. Mandante
1131,2023,38,Bahia,Internacional,2,1,V. Mandante
1132,2023,38,Coritiba,Botafogo,1,3,V. Visitante
1133,2023,38,Goias,Santos,0,0,Empate
1134,2023,38,Bahia,Red Bull Bragantino,2,3,V. Visitante
1135,2023,38,Atletico-MG,Gremio,2,0,V. Mandante
1136,2023,38,Coritiba,Bahia,3,1,V. Mandante
1137,2023,38,Cuiaba,Fortaleza,0,4,V. Visitante
1138,2023,38,Fluminense,Gremio,1,2,V. Visitante
1139,2023,38,Coritiba,Athletico-PR,1,0,V. Mandante
1140,2023,38,Fortaleza,Botafogo,1,3,V. Visitante
1141,2024,1,Criciuma,Vitoria,0,0,Empate
1142,2024,1,Flamengo,Sao Paulo,4,3,V. Mandante
1143,2024,1,Fortaleza,Cuiaba,3,1,V. Mandante
1144,2024,1,Cruzeiro,Atletico-MG,0,0,Empate
1145,2024,1,Bahia,Juventude,2,2,Empate
1146,2024,1,Vasco,Athletico-PR,0,3,V. Visitante
1147,2024,1,Fluminense,Juventude,1,1,Empate
1148,2024,1,Vasco,RB Bragantino,0,2,V. Visitante
1149,2024,1,Flamengo,Criciuma,4,1,V. Mandante
1150,2024,1,Sao Paulo,Atletico-GO,0,0,Empate
1151,2024,2,Flamengo,Vasco,6,1,V. Mandante
1152,2024,2,Fluminense,Atletico-MG,3,1,V. Mandante
1153,2024,2,Gremio,Cuiaba,3,1,V. Mandante
1154,2024,2,Corinthians,Bahia,3,0,V. Mandante
1155,2024,2,Flamengo,RB Bragantino,1,1,Empate
1156,2024,2,Gremio,Atletico-GO,0,0,Empate
1157,2024,2,Cruzeiro,Atletico-GO,0,0,Empate
1158,2024,2,Athletico-PR,Bahia,4,1,V. Mandante
1159,2024,2,Bahia,Criciuma,1,0,V. Mandante
1160,2024,2,Internacional,Atletico-MG,3,0,V. Mandante
1161,2024,3,Atletico-MG,Juventude,2,0,V. Mandante
1162,2024,3,Fortaleza,Atletico-MG,4,2,V. Mandante
1163,2024,3,Corinthians,Vitoria,1,0,V. Mandante
1164,2024,3,Fluminense,Cuiaba,3,1,V. Mandante
1165,2024,3,Botafogo,Cruzeiro,0,0,Empate
1166,2024,3,Internacional,Juventude,2,1,V. Mandante
1167,2024,3,Atletico-MG,Athletico-PR,6,1,V. Mandante
1168,2024,3,Internacional,Sao Paulo,2,0,V. Mandante
1169,2024,3,Vasco,Vitoria,2,2,Empate
1170,2024,3,Flamengo,Bahia,4,2,V. Mandante
1171,2024,4,Fluminense,Criciuma,1,1,Empate
1172,2024,4,Atletico-MG,Criciuma,1,1,Empate
1173,2024,4,Fortaleza,Atletico-GO,3,0,V. Mandante
1174,2024,4,Fluminense,Vitoria,5,1,V. Mandante
1175,2024,4,Fortaleza,Gremio,2,1,V. Mandante
1176,2024,4,Atletico-MG,RB Bragantino,1,0,V. Mandante
1177,2024,4,Cuiaba,Vitoria,3,1,V. Mandante
1178,2024,4,Fortaleza,Criciuma,5,1,V. Mandante
1179,2024,4,Bahia,Cuiaba,2,0,V. Mandante
1180,2024,4,Botafogo,Sao Paulo,1,3,V. Visitante
1181,2024,5,Botafogo,RB Bragantino,4,3,V. Mandante
1182,2024,5,Internacional,Athletico-PR,1,1,Empate
1183,2024,5,Vasco,Gremio,1,0,V. Mandante
1184,2024,5,Fortaleza,Corinthians,0,0,Empate
1185,2024,5,Flamengo,Cuiaba,1,0,V. Mandante
1186,2024,5,Palmeiras,Internacional,4,0,V. Mandante
1187,2024,5,Sao Paulo,Athletico-PR,1,1,Empate
1188,2024,5,Corinthians,RB Bragantino,2,0,V. Mandante
1189,2024,5,Cruzeiro,Vasco,3,1,V. Mandante
1190,2024,5,Botafogo,Athletico-PR,5,0,V. Mandante
1191,2024,6,Athletico-PR,Juventude,1,0,V. Mandante
1192,2024,6,Vasco,Atletico-MG,1,2,V. Visitante
1193,2024,6,Bahia,Vitoria,2,2,Empate
1194,2024,6,Fluminense,Bahia,2,1,V. Mandante
1195,2024,6,Bahia,Gremio,1,2,V. Visitante
1196,2024,6,Fortaleza,Sao Paulo,0,1,V. Visitante
1197,2024,6,RB Bragantino,Vitoria,3,0,V. Mandante
1198,2024,6,Flamengo,Internacional,1,2,V. Visitante
1199,2024,6,Sao Paulo,Criciuma,3,0,V. Mandante
1200,2024,6,Atletico-MG,Gremio,3,2,V. Mandante
1201,2024,7,Sao Paulo,Atletico-MG,2,2,Empate
1202,2024,7,Flamengo,Atletico-MG,2,1,V. Mandante
1203,2024,7,RB Bragantino,Gremio,1,1,Empate
1204,2024,7,Gremio,Criciuma,0,0,Empate
1205,2024,7,Fluminense,Athletico-PR,1,1,Empate
1206,2024,7,Vasco,Atletico-GO,0,0,Empate
1207,2024,7,Internacional,Bahia,2,1,V. Mandante
1208,2024,7,Atletico-MG,Bahia,2,2,Empate
1209,2024,7,Vasco,Bahia,1,1,Empate
1210,2024,7,Sao Paulo,Gremio,3,1,V. Mandante
1211,2024,8,Cruzeiro,Bahia,2,0,V. Mandante
1212,2024,8,Botafogo,Fluminense,3,1,V. Mandante
1213,2024,8,Corinthians,Cuiaba,3,0,V. Mandante
1214,2024,8,Palmeiras,Athletico-PR,3,1,V. Mandante
1215,2024,8,Corinthians,Gremio,0,0,Empate
1216,2024,8,Criciuma,Atletico-GO,0,0,Empate
1217,2024,8,Flamengo,Fortaleza,3,0,V. Mandante
1218,2024,8,Flamengo,Juventude,2,0,V. Mandante
1219,2024,8,Botafogo,Internacional,1,0,V. Mandante
1220,2024,8,Bahia,RB Bragantino,1,1,Empate
1221,2024,9,Botafogo,Flamengo,3,2,V. Mandante
1222,2024,9,Cruzeiro,Gremio,2,0,V. Mandante
1223,2024,9,Juventude,Criciuma,0,0,Empate
1224,2024,9,Internacional,RB Bragantino,0,2,V. Visitante
1225,2024,9,Cruzeiro,Juventude,2,2,Empate
1226,2024,9,Flamengo,Fluminense,7,1,V. Mandante
1227,2024,9,Juventude,Vitoria,0,1,V. Visitante
1228,2024,9,Botafogo,Juventude,2,0,V. Mandante
1229,2024,9,Athletico-PR,Criciuma,2,2,Empate
1230,2024,9,RB Bragantino,Juventude,2,0,V. Mandante
1231,2024,10,Sao Paulo,Vasco,2,2,Empate
1232,2024,10,Flamengo,Gremio,0,0,Empate
1233,2024,10,Fluminense,Gremio,1,1,Empate
1234,2024,10,RB Bragantino,Atletico-GO,1,0,V. Mandante
1235,2024,10,Vasco,Corinthians,4,0,V. Mandante
1236,2024,10,Cuiaba,Criciuma,0,0,Empate
1237,2024,10,Flamengo,Atletico-GO,2,1,V. Mandante
1238,2024,10,Palmeiras,Bahia,1,2,V. Visitante
1239,2024,10,Internacional,Criciuma,5,0,V. Mandante
1240,2024,10,Sao Paulo,Cruzeiro,0,0,Empate
1241,2024,11,Flamengo,Vitoria,3,2,V. Mandante
1242,2024,11,Juventude,Atletico-GO,5,0,V. Mandante
1243,2024,11,Internacional,Cruzeiro,1,1,Empate
1244,2024,11,Fortaleza,RB Bragantino,2,2,Empate
1245,2024,11,Sao Paulo,Vitoria,0,1,V. Visitante
1246,2024,11,Botafogo,Atletico-MG,4,2,V. Mandante
1247,2024,11,Athletico-PR,Corinthians,1,1,Empate
1248,2024,11,Palmeiras,Vitoria,3,1,V. Mandante
1249,2024,11,Gremio,Juventude,2,0,V. Mandante
1250,2024,11,Cruzeiro,Criciuma,2,0,V. Mandante
1251,2024,12,Internacional,Cuiaba,2,0,V. Mandante
1252,2024,12,Athletico-PR,RB Bragantino,1,1,Empate
1253,2024,12,Fluminense,RB Bragantino,1,1,Empate
1254,2024,12,Palmeiras,Vasco,2,0,V. Mandante
1255,2024,12,RB Bragantino,Criciuma,0,1,V. Visitante
1256,2024,12,Fortaleza,Bahia,0,1,V. Visitante
1257,2024,12,Cruzeiro,Cuiaba,3,0,V. Mandante
1258,2024,12,Palmeiras,Cruzeiro,3,0,V. Mandante
1259,2024,12,Cruzeiro,Vitoria,2,2,Empate
1260,2024,12,Fortaleza,Vasco,3,1,V. Mandante
1261,2024,13,Palmeiras,Atletico-GO,1,0,V. Mandante
1262,2024,13,Cruzeiro,Corinthians,3,1,V. Mandante
1263,2024,13,Botafogo,Gremio,0,2,V. Visitante
1264,2024,13,Athletico-PR,Gremio,4,0,V. Mandante
1265,2024,13,Sao Paulo,Cuiaba,4,0,V. Mandante
1266,2024,13,Cruzeiro,RB Bragantino,1,1,Empate
1267,2024,13,Palmeiras,Corinthians,3,0,V. Mandante
1268,2024,13,Sao Paulo,Juventude,0,0,Empate
1269,2024,13,Fortaleza,Fluminense,1,3,V. Visitante
1270,2024,13,Palmeiras,RB Bragantino,1,2,V. Visitante
1271,2024,14,Vasco,Criciuma,1,0,V. Mandante
1272,2024,14,Flamengo,Corinthians,4,1,V. Mandante
1273,2024,14,Vasco,Cuiaba,3,0,V. Mandante
1274,2024,14,Palmeiras,Fluminense,3,0,V. Mandante
1275,2024,14,Flamengo,Athletico-PR,2,1,V. Mandante
1276,2024,14,Bahia,Atletico-GO,2,1,V. Mandante
1277,2024,14,Botafogo,Palmeiras,0,4,V. Visitante
1278,2024,14,Fortaleza,Internacional,1,2,V. Visitante
1279,2024,14,Gremio,Vitoria,2,1,V. Mandante
1280,2024,14,Botafogo,Fortaleza,2,2,Empate
1281,2024,15,Fortaleza,Athletico-PR,2,0,V. Mandante
1282,2024,15,Sao Paulo,Bahia,2,0,V. Mandante
1283,2024,15,Atletico-MG,Corinthians,1,1,Empate
1284,2024,15,Fortaleza,Juventude,3,0,V. Mandante
1285,2024,15,Palmeiras,Atletico-MG,0,2,V. Visitante
1286,2024,15,Fluminense,Atletico-GO,0,1,V. Visitante
1287,2024,15,Flamengo,Cruzeiro,5,1,V. Mandante
1288,2024,15,Palmeiras,Gremio,2,1,V. Mandante
1289,2024,15,RB Bragantino,Cuiaba,3,0,V. Mandante
1290,2024,15,Atletico-GO,Vitoria,1,0,V. Mandante
1291,2024,16,Palmeiras,Criciuma,2,0,V. Mandante
1292,2024,16,Botafogo,Bahia,2,0,V. Mandante
1293,2024,16,Athletico-PR,Vitoria,1,1,Empate
1294,2024,16,Botafogo,Cuiaba,2,1,V. Mandante
1295,2024,16,Botafogo,Vasco,0,0,Empate
1296,2024,16,Internacional,Gremio,2,0,V. Mandante
1297,2024,16,Vasco,Fluminense,3,0,V. Mandante
1298,2024,16,Fluminense,Corinthians,1,0,V. Mandante
1299,2024,16,Atletico-MG,Atletico-GO,0,1,V. Visitante
1300,2024,16,Sao Paulo,Corinthians,1,2,V. Visitante
1301,2024,17,Botafogo,Corinthians,1,0,V. Mandante
1302,2024,17,Internacional,Vitoria,2,0,V. Mandante
1303,2024,17,Sao Paulo,Fluminense,4,0,V. Mandante
1304,2024,17,Internacional,Fluminense,2,2,Empate
1305,2024,17,Athletico-PR,Atletico-GO,0,1,V. Visitante
1306,2024,17,Internacional,Atletico-GO,2,0,V. Mandante
1307,2024,17,Palmeiras,Cuiaba,1,1,Empate
1308,2024,17,Cruzeiro,Fluminense,2,1,V. Mandante
1309,2024,17,Vasco,Juventude,1,2,V. Visitante
1310,2024,17,Fortaleza,Vitoria,2,1,V. Mandante
1311,2024,18,Juventude,Cuiaba,4,1,V. Mandante
1312,2024,18,Botafogo,Criciuma,4,0,V. Mandante
1313,2024,18,Corinthians,Criciuma,1,0,V. Mandante
1314,2024,18,Corinthians,Atletico-GO,2,0,V. Mandante
1315,2024,18,Internacional,Vasco,2,0,V. Mandante
1316,2024,18,Botafogo,Atletico-GO,4,0,V. Mandante
1317,2024,18,Palmeiras,Juventude,4,1,V. Mandante
1318,2024,18,Athletico-PR,Cuiaba,0,2,V. Visitante
1319,2024,18,Internacional,Corinthians,1,1,Empate
1320,2024,18,Cruzeiro,Athletico-PR,1,1,Empate
1321,2024,19,Botafogo,Vitoria,1,0,V. Mandante
1322,2024,19,Corinthians,Juventude,1,3,V. Visitante
1323,2024,19,Palmeiras,Flamengo,1,1,Empate
1324,2024,19,Sao Paulo,RB Bragantino,3,1,V. Mandante
1325,2024,19,Atletico-MG,Cuiaba,3,3,Empate
1326,2024,19,Cuiaba,Atletico-GO,2,0,V. Mandante
1327,2024,19,Fortaleza,Cruzeiro,0,0,Empate
1328,2024,19,Palmeiras,Sao Paulo,5,2,V. Mandante
1329,2024,19,Atletico-MG,Vitoria,2,1,V. Mandante
1330,2024,19,Palmeiras,Fortaleza,2,1,V. Mandante
1331,2024,20,Criciuma,Juventude,3,1,V. Mandante
1332,2024,20,Fluminense,Sao Paulo,1,1,Empate
1333,2024,20,Atletico-GO,Athletico-PR,0,0,Empate
1334,2024,20,Gremio,Sao Paulo,3,1,V. Mandante
1335,2024,20,Internacional,Botafogo,6,2,V. Mandante
1336,2024,20,Vitoria,Fluminense,0,1,V. Visitante
1337,2024,20,Fluminense,Cruzeiro,1,0,V. Mandante
1338,2024,20,Criciuma,Flamengo,0,0,Empate
1339,2024,20,Atletico-GO,Internacional,0,2,V. Visitante
1340,2024,20,Sao Paulo,Palmeiras,2,0,V. Mandante
1341,2024,21,Juventude,Fluminense,4,2,V. Mandante
1342,2024,21,Atletico-GO,Juventude,2,1,V. Mandante
1343,2024,21,Atletico-GO,Palmeiras,2,3,V. Visitante
1344,2024,21,Bahia,Botafogo,2,2,Empate
1345,2024,21,Fluminense,Fortaleza,1,2,V. Visitante
1346,2024,21,Vitoria,Sao Paulo,0,3,V. Visitante
1347,2024,21,Atletico-GO,Cuiaba,1,0,V. Mandante
1348,2024,21,Vitoria,Cuiaba,1,0,V. Mandante
1349,2024,21,Cuiaba,Flamengo,3,0,V. Mandante
1350,2024,21,RB Bragantino,Palmeiras,2,0,V. Mandante
1351,2024,22,Juventude,Flamengo,0,3,V. Visitante
1352,2024,22,Gremio,Botafogo,1,2,V. Visitante
1353,2024,22,Vitoria,Juventude,1,0,V. Mandante
1354,2024,22,Flamengo,Palmeiras,4,0,V. Mandante
1355,2024,22,Atletico-MG,Vasco,1,0,V. Mandante
1356,2024,22,Cuiaba,Cruzeiro,1,2,V. Visitante
1357,2024,22,Cuiaba,Bahia,0,1,V. Visitante
1358,2024,22,Juventude,Corinthians,0,1,V. Visitante
1359,2024,22,Atletico-GO,Fluminense,2,2,Empate
1360,2024,22,Vitoria,Criciuma,1,0,V. Mandante
1361,2024,23,RB Bragantino,Athletico-PR,0,0,Empate
1362,2024,23,Criciuma,Corinthians,0,2,V. Visitante
1363,2024,23,Bahia,Atletico-MG,4,1,V. Mandante
1364,2024,23,Fortaleza,Palmeiras,2,0,V. Mandante
1365,2024,23,RB Bragantino,Botafogo,3,0,V. Mandante
1366,2024,23,Sao Paulo,Fortaleza,0,1,V. Visitante
1367,2024,23,Athletico-PR,Fluminense,1,1,Empate
1368,2024,23,Sao Paulo,Internacional,2,1,V. Mandante
1369,2024,23,Corinthians,Palmeiras,0,1,V. Visitante
1370,2024,23,Cuiaba,Botafogo,1,2,V. Visitante
1371,2024,24,Bahia,Fluminense,0,0,Empate
1372,2024,24,Criciuma,Sao Paulo,1,0,V. Mandante
1373,2024,24,Juventude,Botafogo,1,3,V. Visitante
1374,2024,24,Corinthians,Internacional,2,0,V. Mandante
1375,2024,24,Juventude,Fortaleza,2,2,Empate
1376,2024,24,Bahia,Cruzeiro,0,2,V. Visitante
1377,2024,24,Atletico-GO,Gremio,5,1,V. Mandante
1378,2024,24,Juventude,Internacional,2,1,V. Mandante
1379,2024,24,Criciuma,Athletico-PR,0,2,V. Visitante
1380,2024,24,Atletico-MG,Sao Paulo,3,4,V. Visitante
1381,2024,25,Fortaleza,Flamengo,2,1,V. Mandante
1382,2024,25,Athletico-PR,Fortaleza,3,1,V. Mandante
1383,2024,25,Cuiaba,Corinthians,0,0,Empate
1384,2024,25,Vitoria,Fortaleza,1,1,Empate
1385,2024,25,Fluminense,Flamengo,7,1,V. Mandante
1386,2024,25,Cuiaba,Vasco,1,2,V. Visitante
1387,2024,25,Vasco,Sao Paulo,2,1,V. Mandante
1388,2024,25,Cuiaba,Sao Paulo,1,2,V. Visitante
1389,2024,25,Corinthians,Botafogo,0,3,V. Visitante
1390,2024,25,Atletico-GO,Corinthians,1,2,V. Visitante
1391,2024,26,RB Bragantino,Fortaleza,6,2,V. Mandante
1392,2024,26,Criciuma,Fluminense,1,0,V. Mandante
1393,2024,26,Criciuma,Bahia,1,0,V. Mandante
1394,2024,26,Corinthians,Flamengo,0,2,V. Visitante
1395,2024,26,Cruzeiro,Sao Paulo,3,2,V. Mandante
1396,2024,26,Corinthians,Fortaleza,2,3,V. Visitante
1397,2024,26,Gremio,Bahia,0,2,V. Visitante
1398,2024,26,Juventude,RB Bragantino,2,1,V. Mandante
1399,2024,26,Bahia,Athletico-PR,1,0,V. Mandante
1400,2024,26,Criciuma,Palmeiras,1,1,Empate
1401,2024,27,Gremio,Fluminense,3,1,V. Mandante
1402,2024,27,Gremio,RB Bragantino,3,1,V. Mandante
1403,2024,27,Vitoria,Gremio,2,0,V. Mandante
1404,2024,27,Fluminense,Botafogo,0,4,V. Visitante
1405,2024,27,Criciuma,Botafogo,4,1,V. Mandante
1406,2024,27,Atletico-GO,Fortaleza,0,0,Empate
1407,2024,27,Gremio,Palmeiras,1,7,V. Visitante
1408,2024,27,Corinthians,Sao Paulo,3,1,V. Mandante
1409,2024,27,Atletico-GO,Atletico-MG,2,1,V. Mandante
1410,2024,27,Palmeiras,Botafogo,3,0,V. Mandante
1411,2024,28,Fluminense,Vasco,1,1,Empate
1412,2024,28,Gremio,Vasco,5,0,V. Mandante
1413,2024,28,Gremio,Athletico-PR,3,0,V. Mandante
1414,2024,28,Atletico-MG,Fortaleza,1,1,Empate
1415,2024,28,Criciuma,Gremio,1,1,Empate
1416,2024,28,Internacional,Fortaleza,4,0,V. Mandante
1417,2024,28,Gremio,Atletico-MG,1,3,V. Visitante
1418,2024,28,Athletico-PR,Sao Paulo,1,0,V. Mandante
1419,2024,28,Vasco,Internacional,3,0,V. Mandante
1420,2024,28,Juventude,Sao Paulo,2,2,Empate
1421,2024,29,Sao Paulo,Flamengo,1,1,Empate
1422,2024,29,Cruzeiro,Botafogo,3,1,V. Mandante
1423,2024,29,Vitoria,Flamengo,2,1,V. Mandante
1424,2024,29,Cuiaba,Juventude,2,1,V. Mandante
1425,2024,29,Flamengo,Botafogo,3,0,V. Mandante
1426,2024,29,Atletico-MG,Fluminense,3,0,V. Mandante
1427,2024,29,Atletico-MG,Internacional,1,0,V. Mandante
1428,2024,29,Juventude,Athletico-PR,1,0,V. Mandante
1429,2024,29,Fortaleza,Botafogo,1,0,V. Mandante
1430,2024,29,Internacional,Palmeiras,1,1,Empate
1431,2024,30,Gremio,Corinthians,1,0,V. Mandante
1432,2024,30,Atletico-GO,RB Bragantino,2,1,V. Mandante
1433,2024,30,Athletico-PR,Botafogo,2,2,Empate
1434,2024,30,Juventude,Palmeiras,2,2,Empate
1435,2024,30,Juventude,Vasco,1,2,V. Visitante
1436,2024,30,Vitoria,Internacional,1,0,V. Mandante
1437,2024,30,Vitoria,Bahia,1,2,V. Visitante
1438,2024,30,Bahia,Vasco,2,2,Empate
1439,2024,30,Criciuma,Fortaleza,0,0,Empate
1440,2024,30,Vitoria,Athletico-PR,4,3,V. Mandante
1441,2024,31,Fluminense,Internacional,2,1,V. Mandante
1442,2024,31,Corinthians,Atletico-MG,3,2,V. Mandante
1443,2024,31,Atletico-MG,Palmeiras,2,2,Empate
1444,2024,31,Gremio,Internacional,1,0,V. Mandante
1445,2024,31,RB Bragantino,Internacional,3,0,V. Mandante
1446,2024,31,Internacional,Flamengo,2,1,V. Mandante
1447,2024,31,Vitoria,Botafogo,1,1,Empate
1448,2024,31,Criciuma,Vasco,1,2,V. Visitante
1449,2024,31,Juventude,Atletico-MG,1,1,Empate
1450,2024,31,Bahia,Internacional,1,2,V. Visitante
1451,2024,32,Cuiaba,RB Bragantino,2,3,V. Visitante
1452,2024,32,Vasco,Palmeiras,0,1,V. Visitante
1453,2024,32,Corinthians,Athletico-PR,1,1,Empate
1454,2024,32,Athletico-PR,Flamengo,2,3,V. Visitante
1455,2024,32,RB Bragantino,Fluminense,1,0,V. Mandante
1456,2024,32,Cruzeiro,Flamengo,2,1,V. Mandante
1457,2024,32,Cuiaba,Internacional,1,1,Empate
1458,2024,32,Athletico-PR,Vasco,2,1,V. Mandante
1459,2024,32,RB Bragantino,Flamengo,3,0,V. Mandante
1460,2024,32,Atletico-MG,Botafogo,2,1,V. Mandante
1461,2024,33,Vasco,Fortaleza,2,2,Empate
1462,2024,33,Juventude,Bahia,2,1,V. Mandante
1463,2024,33,Atletico-GO,Criciuma,1,1,Empate
1464,2024,33,Criciuma,Cruzeiro,1,2,V. Visitante
1465,2024,33,Criciuma,Atletico-MG,2,1,V. Mandante
1466,2024,33,Cuiaba,Atletico-MG,0,4,V. Visitante
1467,2024,33,Corinthians,Cruzeiro,1,0,V. Mandante
1468,2024,33,Cuiaba,Gremio,2,0,V. Mandante
1469,2024,33,Criciuma,Internacional,0,1,V. Visitante
1470,2024,33,Atletico-GO,Cruzeiro,0,3,V. Visitante
1471,2024,34,Vitoria,Atletico-MG,2,1,V. Mandante
1472,2024,34,Cuiaba,Fortaleza,1,2,V. Visitante
1473,2024,34,Juventude,Gremio,1,1,Empate
1474,2024,34,Vitoria,Cruzeiro,1,0,V. Mandante
1475,2024,34,Juventude,Cruzeiro,1,1,Empate
1476,2024,34,Vitoria,RB Bragantino,1,2,V. Visitante
1477,2024,34,Criciuma,RB Bragantino,0,2,V. Visitante
1478,2024,34,Bahia,Corinthians,0,5,V. Visitante
1479,2024,34,Bahia,Sao Paulo,0,0,Empate
1480,2024,34,Corinthians,Fluminense,6,2,V. Mandante
1481,2024,35,Vasco,Botafogo,2,0,V. Mandante
1482,2024,35,Vitoria,Palmeiras,3,0,V. Mandante
1483,2024,35,Fluminense,Palmeiras,1,0,V. Mandante
1484,2024,35,Bahia,Fortaleza,2,0,V. Mandante
1485,2024,35,Athletico-PR,Cruzeiro,1,2,V. Visitante
1486,2024,35,Cruzeiro,Internacional,1,1,Empate
1487,2024,35,Bahia,Palmeiras,1,0,V. Mandante
1488,2024,35,Atletico-GO,Sao Paulo,3,2,V. Mandante
1489,2024,35,Gremio,Flamengo,1,2,V. Visitante
1490,2024,35,Sao Paulo,Botafogo,1,1,Empate
1491,2024,36,Vasco,Cruzeiro,1,1,Empate
1492,2024,36,Cuiaba,Fluminense,2,1,V. Mandante
1493,2024,36,Atletico-GO,Flamengo,0,2,V. Visitante
1494,2024,36,RB Bragantino,Vasco,0,0,Empate
1495,2024,36,RB Bragantino,Cruzeiro,1,1,Empate
1496,2024,36,Athletico-PR,Atletico-MG,0,0,Empate
1497,2024,36,Criciuma,Cuiaba,2,1,V. Mandante
1498,2024,36,Atletico-GO,Vasco,4,2,V. Mandante
1499,2024,36,Athletico-PR,Palmeiras,3,2,V. Mandante
1500,2024,36,Vasco,Flamengo,2,0,V. Mandante
1501,2024,37,RB Bragantino,Sao Paulo,4,0,V. Mandante
1502,2024,37,Corinthians,Vasco,1,1,Empate
1503,2024,37,RB Bragantino,Bahia,1,1,Empate
1504,2024,37,RB Bragantino,Atletico-MG,0,0,Empate
1505,2024,37,Vitoria,Corinthians,1,0,V. Mandante
1506,2024,37,Cuiaba,Athletico-PR,0,1,V. Visitante
1507,2024,37,Vitoria,Vasco,0,0,Empate
1508,2024,37,RB Bragantino,Corinthians,2,2,Empate
1509,2024,37,Gremio,Cruzeiro,3,1,V. Mandante
1510,2024,37,Cruzeiro,Fortaleza,1,1,Empate
1511,2024,38,Athletico-PR,Internacional,0,1,V. Visitante
1512,2024,38,Atletico-MG,Flamengo,2,1,V. Mandante
1513,2024,38,Atletico-GO,Botafogo,0,6,V. Visitante
1514,2024,38,Gremio,Fortaleza,0,2,V. Visitante
1515,2024,38,Vitoria,Atletico-GO,1,1,Empate
1516,2024,38,Bahia,Flamengo,2,5,V. Visitante
1517,2024,38,Atletico-GO,Bahia,1,0,V. Mandante
1518,2024,38,Cuiaba,Palmeiras,1,2,V. Visitante
1519,2024,38,Atletico-MG,Cruzeiro,2,0,V. Mandante
1520,2024,38,Cruzeiro,Palmeiras,2,2,Empate
